outlet_id,city_name,outlet_title,full_address,pincode,contact_info,is_active,source_url,extracted_at
1,Hyderabad,Barbeque Nation,"1st Floor, ANR सेंटर, Plot No.6-3 5, Road No. 1, Banjara Hills, Hyderabad, Telangana 500034, India",500034,+91 80 6405 8003,TRUE,https://www.google.com/maps/search/?api=1&query=Barbeque%20Nation&query_place_id=ChIJt3TsmjeXyzsRW78eukz3few,16-07-2026 03:59
2,Visakhapatnam,Visakhapatnam - Waltair Road,"4rd Floor, D. no 10-50-12, Sripuram, 9-Block, Waltair Main Rd, opposite Governor Bungalow, beside Reliance Trends, Andhra Pradesh 530003, India",530003,+91 80 6902 8744,TRUE,https://www.google.com/maps/search/?api=1&query=Barbeque%20Nation%20-%20Visakhapatnam%20-%20Waltair%20Road&query_place_id=ChIJk45YuGtDOToRVbSgKYBj2nU,16-07-2026 03:59
3,Patna,Barbeque Nation,"8th Floor, Patna One Mall, New Dak Bunglow Rd, Bander Bagicha, Fraser Road Area, Patna, Bihar 800001, India",800001,+91 80 6902 8730,TRUE,https://www.google.com/maps/search/?api=1&query=Barbeque%20Nation&query_place_id=ChIJlXOFO0NY7TkRheDLAr2Chz8,16-07-2026 03:59
4,"Chennai, Greater Chennai",Barbeque Nation,"1st Cross St, V.O.C Nagar, Doctor Seetaram Nagar, Velachery, Chennai, Greater Chennai, Tamil Nadu 600042, India",600042,+91 80 6902 8724,TRUE,https://www.google.com/maps/search/?api=1&query=Barbeque%20Nation&query_place_id=ChIJD0bLspBdUjoRQRyqApSAeh4,16-07-2026 03:59
5,Guntur,Barbeque Nation,"Building, 3rd floor, Appanam, Lakshmipuram Main Rd, above Westside - Guntur, Andhra Pradesh, Ashok Nagar, Guntur, Andhra Pradesh 522007, India",522007,+91 80 6902 8743,TRUE,https://www.google.com/maps/search/?api=1&query=Barbeque%20Nation&query_place_id=ChIJ_VgAs2Z1SjoRLejSriWWOxE,16-07-2026 03:59
6,Bengaluru,Indiranagar,"4005, 100 Feet Rd, HAL 2nd Stage, Stage 2, Indiranagar, Bengaluru, Karnataka 560071, India",560071,+91 80 6405 8001,TRUE,https://www.google.com/maps/search/?api=1&query=Barbeque%20Nation%20-%20Indiranagar&query_place_id=ChIJK7aICxoVrjsRnjZbF0TjvNo,16-07-2026 03:59
7,Bengaluru,JP Nagar,"3rd Floor, 67, 6th B Main Rd, Dollar Layout, 3rd Phase, J. P. Nagar, Bengaluru, Karnataka 560078, India",560078,+91 80 6405 8001,TRUE,https://www.google.com/maps/search/?api=1&query=Barbeque%20Nation%20-%20JP%20Nagar&query_place_id=ChIJwYmGDBoVrjsRj8ADSu3ctpY,16-07-2026 03:59
8,Bhubaneswar,Patrapada,"6th floor ,Service road South Tamando DN Square, Kalinga Vihar, Patrapada, Odisha 751019, India",751019,+91 80 6902 8768,TRUE,https://www.google.com/maps/search/?api=1&query=Barbeque%20Nation%20-%20Patrapada&query_place_id=ChIJe7vUriepGToRjJAsYcbVOW4,16-07-2026 03:59
9,"Chennai, Perumbakkam",Sekaran Mall,"2nd Floor, 452/3, Sholinganallur, Medavakkam, Kailash Nagar Main Rd, Cheran Nagar, Perumbakkam, Chennai, Tamil Nadu 600100, India",600100,+91 80 6902 8721,TRUE,https://www.google.com/maps/search/?api=1&query=Barbeque%20Nation%20-%20Sekaran%20Mall&query_place_id=ChIJUfwiLUJdUjoRWVCj7D7Xlug,16-07-2026 03:59
10,"Chennai, Greater Chennai",Barbeque Nation- T Nagar,"No 39, Star City Serviced Apartment, Bazullah Rd, near The Grand Sweets, T. Nagar, Chennai, Greater Chennai, Tamil Nadu 600017, India",600017,+91 80 6902 8724,TRUE,https://www.google.com/maps/search/?api=1&query=Barbeque%20Nation-%20T%20Nagar&query_place_id=ChIJW5gW81dmUjoRHUEFvoSLbyE,16-07-2026 03:59
11,"Greater Chennai, Chennai",Barbeque Nation- Porur,"2nd Floor, Survey No 38/1, Mount Poonamallee Rd, Ramapuram, Adithi Colony, Porur, Tamil Nadu 600116, India",600116,+91 80 6902 8724,TRUE,https://www.google.com/maps/search/?api=1&query=Barbeque%20Nation-%20Porur&query_place_id=ChIJfXIpNTlhUjoRxUkcnjmtaI8,16-07-2026 03:59
12,Ahmedabad,Ahmedabad - Sky Forest,"204 - 207, 2nd Floor, Saral Xperia, Sky forest Building Near Bhat Circle, Sardar Patel Ring Rd, Ahmedabad, Gujarat 382428, India",382428,+91 80 6902 8770,TRUE,https://www.google.com/maps/search/?api=1&query=Barbeque%20Nation%20-%20Ahmedabad%20-%20Sky%20Forest&query_place_id=ChIJW4lk0EiBXjkRnR58FgGMsXk,16-07-2026 03:59
13,Vijayawada,Barbeque Nation,"Fortune Murali Park, CPR Hotel, 3rd Floor, LEPL, Centro Mall, 40-1-147, MG Rd, Labbipet, Vijayawada, Andhra Pradesh 520010, India",520010,+91 80 6902 8745,TRUE,https://www.google.com/maps/search/?api=1&query=Barbeque%20Nation&query_place_id=ChIJv58o7br6NToROPPDiCZ-HTU,16-07-2026 03:59
14,Anand,Anand - Maruti Solaris,"2ndFloor, MARUTI SOLARIS, Anand - Sojitra Rd, Vithal Udyognagar, Sarvodaya Society, Anand, Gujarat 388120, India",388120,+91 80 6902 8770,TRUE,https://www.google.com/maps/search/?api=1&query=Barbeque%20Nation%20-%20Anand%20-%20Maruti%20Solaris&query_place_id=ChIJs_k3s91NXjkRS0cUFxV9jBM,16-07-2026 03:59
15,Bengaluru,Barbeque Nation,"18/19/20, West Gate Mall, Ground Floor, Dr Rajkumar Rd, 4th M Block, Rajajinagar, Bengaluru, Karnataka 560010, India",560010,+91 80 6902 8721,TRUE,https://www.google.com/maps/search/?api=1&query=Barbeque%20Nation&query_place_id=ChIJZU8k2vU9rjsRK9gXANkis7k,16-07-2026 03:59
16,Nagpur,Nagpur - Eternity Mall,"2nd Floor Eternity Mall, Amravati Rd, Variety Square, Sitabuldi, Nagpur, Maharashtra 440012, India",440012,+91 80 6902 8737,TRUE,https://www.google.com/maps/search/?api=1&query=Barbeque%20Nation%20-%20Nagpur%20-%20Eternity%20Mall&query_place_id=ChIJG4yuQZPA1DsRKxYcRB5Cjxo,16-07-2026 03:59
17,Bengaluru,Koramangala,"86, 1st Cross Rd, 1st Block Koramangala, Koramangala, Bengaluru, Karnataka 560034, India",560034,+91 80 6405 8001,TRUE,https://www.google.com/maps/search/?api=1&query=Barbeque%20Nation%20-%20Koramangala&query_place_id=ChIJ3wP-ImIUrjsRnZ7Rr7BisQI,16-07-2026 03:59
18,Mysuru,"Nexus Centre City Mall, Mysuru","Nexus Centre City Mall, No-8, Old-5, Abba Road, Also, Hyderali Rd, Mysuru, Karnataka 570019, India",570019,N/A,TRUE,https://www.google.com/maps/search/?api=1&query=Barbeque%20Nation%20-%20Nexus%20Centre%20City%20Mall%2C%20Mysuru&query_place_id=ChIJq-n4NHhxrzsRqdq6rnaHmNA,16-07-2026 03:59
19,Mangaluru,Mangalore - Makmall,"3rd Floor, Mak Mall, Father Muller's Rd, Kankanady, Mangaluru, Karnataka 575002, India",575002,+91 80 6902 8761,TRUE,https://www.google.com/maps/search/?api=1&query=Barbeque%20Nation%20-%20Mangalore%20-%20Makmall&query_place_id=ChIJY96VoDNaozsRVmSewjbbvKk,16-07-2026 03:59
20,Thiruvananthapuram,"Lulu Mall, Thiruvananthapuram","2nd floor, Barbeque Nation Hospitallity Limited, Lulu International Shopping Mall, TC 91, Akkulam Bridge, Anayara Post, Thiruvananthapuram, Kerala 695029, India",695029,+91 80 6902 8739,TRUE,https://www.google.com/maps/search/?api=1&query=Barbeque%20Nation%20-%20Lulu%20Mall%2C%20Thiruvananthapuram&query_place_id=ChIJiWfiida9BTsRPwNqvbhCWXQ,16-07-2026 03:59
21,Bengaluru,Barbeque Nation Nexus Shantiniketan Mall,"2nd Floor, Nexus, Forum Mall Whitefield, Whitefield Main Rd, Thigalarapalya, Krishnarajapuram, Bengaluru, Karnataka 560048, India",560048,+91 80 6405 8001,TRUE,https://www.google.com/maps/search/?api=1&query=Barbeque%20Nation%20Nexus%20Shantiniketan%20Mall&query_place_id=ChIJqe-dMJoRrjsR7ZTs1d6lXMk,16-07-2026 03:59
22,Bengaluru,Barbeque Nation Phoenix Marketcity,"1st floor, Phoenix Marketcity, Whitefield Main Rd, Devasandra Industrial Estate, Mahadevapura, Bengaluru, Karnataka 560048, India",560048,+91 80 6902 8722,TRUE,https://www.google.com/maps/search/?api=1&query=Barbeque%20Nation%20Phoenix%20Marketcity&query_place_id=ChIJIxUu-EURrjsRxKpt9f78SvM,16-07-2026 03:59
23,Bengaluru,Kalyan Nagar,"BR Plaza, 30, CMR Main Rd, HRBR Layout 2nd Block, HRBR Layout, Kalyan Nagar, Bengaluru, Karnataka 560043, India",560043,+91 80 6902 8722,TRUE,https://www.google.com/maps/search/?api=1&query=Barbeque%20Nation%20-%20Kalyan%20Nagar&query_place_id=ChIJsxorwCUXrjsRaTXkIXLIjII,16-07-2026 03:59
24,Coimbatore,"Town Hall, Coimbatore","#1000, Hotel Metro Park Inn, 1000, Raja St, Town Hall, Coimbatore, Tamil Nadu 641001, India",641001,+91 80 6902 8740,TRUE,https://www.google.com/maps/search/?api=1&query=Barbeque%20Nation%20-%20Town%20Hall%2C%20Coimbatore&query_place_id=ChIJsSPFhwtZqDsRClmxH55kDXE,16-07-2026 03:59
25,Bengaluru,Barbeque Nation- Yelahanka,"Prestige Plaza, 1st Floor, New Town Main Rd, next to KMF Mother Dairy, Yelahanka, Bengaluru, Karnataka 560064, India",560064,+91 80 6405 8001,TRUE,https://www.google.com/maps/search/?api=1&query=Barbeque%20Nation-%20Yelahanka&query_place_id=ChIJ7xgSLWMYrjsR3uZJjnDTyF0,16-07-2026 03:59
26,Bengaluru,Barbeque Nation Marathahalli,"3rd floor, More Mega mall, Outer Ring Rd, near Innovative Multiplex, Marathahalli Village, Marathahalli, Bengaluru, Karnataka 560037, India",560037,+91 80 6405 8001,TRUE,https://www.google.com/maps/search/?api=1&query=Barbeque%20Nation%20Marathahalli&query_place_id=ChIJ9_G0_64VrjsRHHqhcFPBiNY,16-07-2026 03:59
27,"Kochi, Kakkanad",Kakkanad,"3rd floor, Mather Esperanza, Seaport - Airport Rd, Thuthiyoor, Chittethukara, Kochi, Kakkanad, Kerala 682037, India",682037,+91 80 6902 8706,TRUE,https://www.google.com/maps/search/?api=1&query=Barbeque%20Nation%20-%20Kakkanad&query_place_id=ChIJMdVYqQANCDsR9xXNA_CK9IY,16-07-2026 03:59
28,Panaji,"Caculo Mall, Panaji","Shanta Building, 5th Floor, Caculo Mall, 16, 16, St Inez Rd, near Vintage Hospital, Santa Inez, Panaji, Goa 403001, India",403001,+91 80 6902 8746,TRUE,https://www.google.com/maps/search/?api=1&query=Barbeque%20Nation%20-%20Caculo%20Mall%2C%20Panaji&query_place_id=ChIJ3TScUevAvzsRytzOAL1tC4U,16-07-2026 03:59
29,Pune,Pune - Westend Mall,"Westend Mall, Mahadji Shinde Rd, near Parihar Chowk, Harmony Society, Ward No. 8, Wireless Colony, Aundh, Pune, Maharashtra 411067, India",411067,+91 80 6902 8725,TRUE,https://www.google.com/maps/search/?api=1&query=Barbeque%20Nation%20-%20Pune%20-%20Westend%20Mall&query_place_id=ChIJcbaFGTO_wjsRMZs7TfL0SCY,16-07-2026 03:59
30,Bengaluru,Hebbal,"Unit No.D2, Godrej Woodsman Estate Rmz Azure (It Complex), Bellary Rd, next to Godrej Apartments, Hebbal Kempapura, Bengaluru, Karnataka 560024, India",560024,+91 80 6405 8001,TRUE,https://www.google.com/maps/search/?api=1&query=Barbeque%20Nation%20-%20Hebbal&query_place_id=ChIJTRYvngsXrjsR19TZa3VhYd0,16-07-2026 03:59
31,Bengaluru,Bhartiya Mall of Bengaluru,"1st Floor, Bhartiya City, Thanisandra Main Rd, Kannuru, Bengaluru, Karnataka 560064, India",560064,+91 80 6405 8001,TRUE,https://www.google.com/maps/search/?api=1&query=Barbeque%20Nation%20-%20Bhartiya%20Mall%20of%20Bengaluru&query_place_id=ChIJ5Woqc6wZrjsRllO5cUTnuxw,16-07-2026 03:59
32,Udupi,Barbeque Nation,"Ground Floor, Central Cinemas, Laxmindra Nagar, Udupi, Main Rd, Manipal, Karnataka 576104, India",576104,+91 80 6902 8783,TRUE,https://www.google.com/maps/search/?api=1&query=Barbeque%20Nation&query_place_id=ChIJL8WffaukvDsR2yKT5zqJZ3g,16-07-2026 03:59
33,Hinjawadi,Barbeque Nation- Pune - Hinjawadi,"1st Floor, Grand Highstreet Mall, 1 Road, Phase 1, Rajiv Gandhi Infotech Park, Hinjawadi, Maharashtra 411057, India",411057,+91 80 6902 8725,TRUE,https://www.google.com/maps/search/?api=1&query=Barbeque%20Nation-%20Pune%20-%20Hinjawadi&query_place_id=ChIJ0actGZO7wjsRvcpGc8dcBAs,16-07-2026 03:59
34,Guwahati,Guwahati Udeshna,"4QQX+QC7 Udeshna building, Hari Mandir Path, Sarumotoria, Guwahati, Assam 781006, India",781006,+91 80 6902 8750,TRUE,https://www.google.com/maps/search/?api=1&query=Barbeque%20Nation%20-%20Guwahati%20Udeshna&query_place_id=ChIJ82NsWaRZWjcRvSIoRmSg2h0,16-07-2026 03:59
35,Bhubaneswar,"Sachivalaya Marg, Bhubaneshwar","NALCO CHOWK, 3RD FLOOR, Triplex Mall, Sachivalaya Marg, MAUZA- SAMANTAPURI GAJAPATI NAGAR, near Gagan Awas Appartment, Chandrasekharpur, Bhubaneswar, Odisha 751013, India",751013,+91 80 6902 8768,TRUE,https://www.google.com/maps/search/?api=1&query=Barbeque%20Nation%20-%20Sachivalaya%20Marg%2C%20Bhubaneshwar&query_place_id=ChIJxedo9LwJGToR7ELyMgJ43Uw,16-07-2026 03:59
36,Kolkata,"Barbeque Nation- Park Street, Kolkata","Park Center Garmin (Khadi), 1st Floor,, 24, Park St, Kolkata, West Bengal 700016, India",700016,+91 80 6902 8723,TRUE,https://www.google.com/maps/search/?api=1&query=Barbeque%20Nation-%20Park%20Street%2C%20Kolkata&query_place_id=ChIJb93BuRp3AjoRqdxyBozdusM,16-07-2026 03:59
37,Kolkata,Behala,"1st Floor, opposite M P Birla Foundation Higher Secondary School, Jadu Colony, Behala, Kolkata, West Bengal 700034, India",700034,+91 80 6902 8723,TRUE,https://www.google.com/maps/search/?api=1&query=Barbeque%20Nation%20-%20Behala&query_place_id=ChIJ-VdpyJF7AjoR1Ud6WSO5KDI,16-07-2026 03:59
38,"Masanganj, Telipara",Bilaspur,"Magarpara Rd, Ambedkar Nagar, Masanganj, Telipara, Chhattisgarh 495001, India",495001,+91 80 6902 8769,TRUE,https://www.google.com/maps/search/?api=1&query=Barbeque%20Nation%20-%20Bilaspur&query_place_id=ChIJHfymdLcLKDoRZQMLoNDvyDY,16-07-2026 03:59
39,"Chennai, Greater Chennai",Vadapalani,"No 1, 2nd Floor, Hotel Bheemas Amman Koil St, Jawaharlal Nehru Salai, near Murugan Temple, Vadapalani, Chennai, Tamil Nadu 600026, India",600026,+91 80 6902 8724,TRUE,https://www.google.com/maps/search/?api=1&query=Barbeque%20Nation%20-%20Vadapalani&query_place_id=ChIJoxm2LepmUjoR8RHioVGpdFY,16-07-2026 03:59
40,"Chennai, Greater Chennai",Barbeque Nation- OMR Thoraipakkam,"Ground Floor, Ramaniyam Isha Blk 1,Thoraipakkam, 11, Rajiv Gandhi Salai, Customs Colony, Sakthi Nagar, Chennai, Tamil Nadu 600097, India",600097,+91 80 6902 8724,TRUE,https://www.google.com/maps/search/?api=1&query=Barbeque%20Nation-%20OMR%20Thoraipakkam&query_place_id=ChIJSd8n_P1cUjoRczF_vawgp7I,16-07-2026 03:59
41,"Chandannagar, Chinsurah",Chandan Nagar,"Ward No. 10, ACASA building, 3rd Floor, Rash Behari Ave, Bagbazar, Chandannagar, Chinsurah, West Bengal 712136, India",712136,+91 80 6902 8721,TRUE,https://www.google.com/maps/search/?api=1&query=Barbeque%20Nation%20-%20Chandan%20Nagar&query_place_id=ChIJFwjACtWR-DkRDLuJ9Fl7vIU,16-07-2026 03:59
42,Kolkata,"Barbeque Nation- Salt Lake, Kolkata","RDB Boulevard, K-1, Street Number 25, Block EP&GP, Sector V, Bidhannagar, Kolkata, West Bengal 700091, India",700091,+91 80 6902 8723,TRUE,https://www.google.com/maps/search/?api=1&query=Barbeque%20Nation-%20Salt%20Lake%2C%20Kolkata&query_place_id=ChIJIRC6w611AjoRyNBbBqrcvA4,16-07-2026 03:59
43,"Labhandih, Raipur",Barbeque Nation,"Unit SFPH 02 - 03, Great Eastern Rd, Jivan Vihar, Labhandih, Raipur, Chhattisgarh 492001, India",492001,+91 80 6902 8786,TRUE,https://www.google.com/maps/search/?api=1&query=Barbeque%20Nation&query_place_id=ChIJ6TDQyDbdKDoR5jLxhAPrPAA,16-07-2026 03:59
44,Guwahati,Barbeque Nation,"2nd Floor, Adityam Building, GS Rd, South Sarania, Ulubari, Guwahati, Assam 781007, India",781007,+91 80 6902 8750,TRUE,https://www.google.com/maps/search/?api=1&query=Barbeque%20Nation&query_place_id=ChIJ7YPZ6oJZWjcRb5nYTnJ4Wsw,16-07-2026 03:59
45,Khardaha,Barbeque Nation Sodepur,"Peerless Nagar, Ramkrishna Pally, Panihati, Khardaha, West Bengal 700114, India",700114,+91 80 6902 8723,TRUE,https://www.google.com/maps/search/?api=1&query=Barbeque%20Nation%20Sodepur&query_place_id=ChIJA3pQlU6d-DkRpIxVyHATSlo,16-07-2026 03:59
46,Durgapur,Durgapur,"First floor, Pushpanjali Building, Shahid Khudiram Sarani, City Center, Durgapur, West Bengal 713216, India",713216,+91 80 6902 8735,TRUE,https://www.google.com/maps/search/?api=1&query=Barbeque%20Nation%20-%20Durgapur&query_place_id=ChIJU_1Dqr1z9zkRtEubBng5E08,16-07-2026 03:59
47,Nan,Barbeque Nation-Rajarhat,"Block C, Action Area IID, Rajarhat, West Bengal 700136, India",700136,+91 80 6902 8723,TRUE,https://www.google.com/maps/search/?api=1&query=Barbeque%20Nation-Rajarhat&query_place_id=ChIJt6OEQyOf-DkR_Jx3jwHUITg,16-07-2026 03:59
48,Kolkata,Kolkata - Acropolis Mall,"Acropolis Mall, 1858/1, Shantipally, Sector 1, East Kolkata Twp, Kolkata, West Bengal 700107, India",700107,+91 80 6902 8723,TRUE,https://www.google.com/maps/search/?api=1&query=Barbeque%20Nation%20-%20Kolkata%20-%20Acropolis%20Mall&query_place_id=ChIJ2R3KaI9zAjoR7qPbfF1nSFo,16-07-2026 03:59
49,Lucknow,"River Side Mall, Lucknow","RiverSide Mall, 3rd floor, Gomti Nagar Ext Bypass Rd, Vipin Khand, Gomti Nagar, Lucknow, Uttar Pradesh 226010, India",226010,+91 80 6902 8749,TRUE,https://www.google.com/maps/search/?api=1&query=Barbeque%20Nation%20-%20River%20Side%20Mall%2C%20Lucknow&query_place_id=ChIJAQBArTv9mzkRAfGAlUzHEVw,16-07-2026 03:59
50,Siliguri,"Barbeque Nation, Siliguri","2nd Floor, PRM Sevoke 1, Sevoke Rd, Siliguri, West Bengal 734001, India",734001,+91 80 6902 8751,TRUE,https://www.google.com/maps/search/?api=1&query=Barbeque%20Nation%2C%20Siliguri&query_place_id=ChIJJ9bBAZFB5DkRCiV6t5indE4,16-07-2026 03:59
51,Kolkata,Barasat,"N-19, Jessore Rd, Barasat, Dak Banglow More, Digberia, Kolkata, West Bengal 700124, India",700124,+91 80 6902 8723,TRUE,https://www.google.com/maps/search/?api=1&query=Barbeque%20Nation%20-%20Barasat&query_place_id=ChIJX8QTFfCZ-DkRdIFpL0_JvYo,16-07-2026 03:59
52,Prayagraj,Barbeque Nation,"5th Floor, P Square Mall, Mahatma Gandhi Marg, Civil Lines, Prayagraj, Uttar Pradesh 211001, India",211001,+91 80 6902 8710,TRUE,https://www.google.com/maps/search/?api=1&query=Barbeque%20Nation&query_place_id=ChIJ6zp7bcbKmjkRBFUuR1FfrfI,16-07-2026 03:59
53,Bengaluru,Barbeque Nation- Sarjapur Road,"3rd Floor, Ashrith, Aries 53, 1, Sarjapur Main Rd, opposite HP Petrol Pump, Countryside Layout, Rainbow Drive, Doddakannelli, Bengaluru, Karnataka 560035, India",560035,+91 80 6405 8001,TRUE,https://www.google.com/maps/search/?api=1&query=Barbeque%20Nation-%20Sarjapur%20Road&query_place_id=ChIJTaPb6esTrjsR7oWu5bRlclE,16-07-2026 03:59
54,Nellore,Nellore - NVR Central,"4th Floor, NVR Central, Grand Trunk Road, above Dr. Agarwal Eye Hospital, Saraswathi Nagar, Rajajipuram, Ambedkar Nagar, Nellore, Andhra Pradesh 524003, India",524003,+91 80 6902 8784,TRUE,https://www.google.com/maps/search/?api=1&query=Barbeque%20Nation%20-%20Nellore%20-%20NVR%20Central&query_place_id=ChIJpXvXvijzTDoRcklrzv4Buxc,16-07-2026 03:59
55,Varanasi,Varanasi,"3rd Floor, JHV Mall, The Mall Rd, near Ramada Hotel, Varanasi cantonment, Varanasi, Uttar Pradesh 221002, India",221002,+91 80 6902 8709,TRUE,https://www.google.com/maps/search/?api=1&query=Barbeque%20Nation%20-%20Varanasi&query_place_id=ChIJAQDA-MMtjjkR38ZxjhKaFKY,16-07-2026 03:59
56,Lucknow,Aliganj,"Plot no.5, 3rd floor, STW infinity, opposite Kendriya Bhawan, near purania chauraha, Sector E, Aliganj, Lucknow, Uttar Pradesh 226024, India",226024,+91 80 6902 8749,TRUE,https://www.google.com/maps/search/?api=1&query=Barbeque%20Nation%20-%20Aliganj&query_place_id=ChIJEzyTCdNXmTkRKnvroCs4_OM,16-07-2026 03:59
57,"Lucknow, Hariharpur",Barbeque Nation,"3rd Floor, Tahsil, Lulu Mall, Amar Shaheed Path, Golf City, Sector B Ansal API, Lucknow, Hariharpur, Uttar Pradesh 226030, India",226030,+91 80 6902 8749,TRUE,https://www.google.com/maps/search/?api=1&query=Barbeque%20Nation&query_place_id=ChIJ53QUdhDlmzkRiZ3TG_o7Mbs,16-07-2026 03:59
58,Kanpur,"Fiesta By Swaroop Nagar, Kanpur","112/369, 2nd Floor, Prabhu Krishna Shopping Complex, near Prakhar Hospital, Khalasi Line, Swaroop Nagar, Kanpur, Uttar Pradesh 208002, India",208002,+91 80 6902 6714,TRUE,https://www.google.com/maps/search/?api=1&query=Fiesta%20By%20Barbeque%20Nation%20-%20Swaroop%20Nagar%2C%20Kanpur&query_place_id=ChIJdx-TwWA5nDkRZHlLLGA9GCE,16-07-2026 03:59
59,Lucknow,"Rohtas Summit, Lucknow","Building Name "" Rohtas Summit"" Third Floor, B-04 to 307, Padera - Harchandpur Rd, Vibhuti Khand, Gomti Nagar, Lucknow, Uttar Pradesh 226010, India",226010,+91 80 6902 8749,TRUE,https://www.google.com/maps/search/?api=1&query=Barbeque%20Nation%20-%20Rohtas%20Summit%2C%20Lucknow&query_place_id=ChIJjebUezzjmzkRA1edAqZLj64,16-07-2026 03:59
60,"Kochi, Ernakulam",Kochi - LuLu Mall,"Lulu Mall, 3rd floor 34/1000, 47, Old NH17, Edappally Junction, Nethaji Nagar, Edappally, Kochi, Kerala 682024, India",682024,+91 80 6902 8706,TRUE,https://www.google.com/maps/search/?api=1&query=Barbeque%20Nation%20-%20Kochi%20-%20LuLu%20Mall&query_place_id=ChIJ1YSnGRUNCDsRjVSpHO0z0GU,16-07-2026 03:59
61,Puducherry,Barbeque Nation- Puducherry,"4th Floor, WRHH+R95 Naga Progress Avenue, 120, Bussy St, Chinnakadai, MG Road Area, Puducherry, 605001, India",605001,+91 80 6902 8747,TRUE,https://www.google.com/maps/search/?api=1&query=Barbeque%20Nation-%20Puducherry&query_place_id=ChIJA8rG94BhUzoRS_Hf2s1beqw,16-07-2026 03:59
62,Tiruchirappalli,Barbeque Nation,"No-9, 3rd Floor, Reynolds Road, Manghalam Towers, near Court bus stop, Cantonment, Tiruchirappalli, Tamil Nadu 620001, India",620001,+91 80 6902 8764,TRUE,https://www.google.com/maps/search/?api=1&query=Barbeque%20Nation&query_place_id=ChIJk788Eg31qjsR9ti7usE9z1Q,16-07-2026 03:59
63,Coimbatore,Coimbatore - Fun Mall,"Avinashi Rd, near PSG Krishnammal College, Peelamedu, Masakalipalayam, Coimbatore, Tamil Nadu 641004, India",641004,+91 80 6902 8740,TRUE,https://www.google.com/maps/search/?api=1&query=Barbeque%20Nation%20-%20Coimbatore%20-%20Fun%20Mall&query_place_id=ChIJuQKYCq5XqDsRdmkL-92LmQo,16-07-2026 03:59
64,Madurai,"Barbeque Nation – Vetri Cinemas, Madurai","74, 75, 76, Chambakulam, Bus Stand, Ground Floor, TC No. 73, opp. to Mattuthavani, Ganesh Nagar, Madurai, Tamil Nadu 625007, India",625007,+91 80 6902 8763,TRUE,https://www.google.com/maps/search/?api=1&query=Barbeque%20Nation%20%E2%80%93%20Vetri%20Cinemas%2C%20Madurai&query_place_id=ChIJj8Wiji_FADsRIy3ycqnzv4o,16-07-2026 03:59
65,Erode,Erode - Perundurai Road,"2nd Floor, Veeras Vega, No.68, Perundurai Rd, next to Reliance Mall, Erode, Tamil Nadu 638011, India",638011,+91 80 6902 8765,TRUE,https://www.google.com/maps/search/?api=1&query=Barbeque%20Nation%20-%20Erode%20-%20Perundurai%20Road&query_place_id=ChIJ59HkqBhvqTsR7ueGXwCrADA,16-07-2026 03:59
66,Tiruppur,"Veera's Avenue, Tiruppur","Municipality Office Building, 2nd Floor, Veera’s Avenue, No 24, Above Big Bazaar Valarmathi Bus Stop, Thanet, Tiruppur, Tamil Nadu 641604, India",641604,+91 80 6902 8788,TRUE,https://www.google.com/maps/search/?api=1&query=Barbeque%20Nation%20-%20Veera's%20Avenue%2C%20Tiruppur&query_place_id=ChIJ-8vxhrsHqTsRDHZFiERBZ2s,16-07-2026 03:59
67,Salem,Barbeque Nation,"3rd Floor,Jaykumar Plaza Saradha College, Main, Road, Alagapuram Periyaputhur, Salem, Tamil Nadu 636016, India",636016,+91 80 6902 8762,TRUE,https://www.google.com/maps/search/?api=1&query=Barbeque%20Nation&query_place_id=ChIJo81VlUTwqzsRsO2vGK66o6E,16-07-2026 03:59
68,Thrissur,Thrissur - Selex Mall,"2nd Floor Selex Mall, Thrissur - Palghat Rd, East Fort, Pallikkulam, Thrissur, Kerala 680005, India",680005,+91 80 6405 8006,TRUE,https://www.google.com/maps/search/?api=1&query=Barbeque%20Nation%20-%20Thrissur%20-%20Selex%20Mall&query_place_id=ChIJ33PbSkvupzsRly-1-cmP-_A,16-07-2026 03:59
69,Thiruvananthapuram,Barbeque Nation,"TC36/1276-3 Airport Road, near Panachamoottil Square, near Bye Pass, Eanchakkal, Thiruvananthapuram, Kerala 695008, India",695008,+91 80 6902 8739,TRUE,https://www.google.com/maps/search/?api=1&query=Barbeque%20Nation&query_place_id=ChIJXd8xd3a7BTsRb-fISHrcGME,16-07-2026 03:59
70,Doddathoguru,Barbeque Nation,"4th Floor, 94, 14th Cross Road, opposite Ajmera Apartment, Neeladri Nagar, Electronic City Phase I, Electronic City, Doddathoguru, Karnataka 560100, India",560100,+91 80 6405 8001,TRUE,https://www.google.com/maps/search/?api=1&query=Barbeque%20Nation&query_place_id=ChIJF--jlntrrjsRMuO_g_DGXsA,16-07-2026 03:59
71,"Tambaram Sanatorium, Tambaram",Barbeque Nation- Chromepet,"1 & 2, 1st Main Rd, Sanatorium, Jaya Nagar, Chromepet, Tambaram Sanatorium, Tambaram, Tamil Nadu 600047, India",600047,+91 80 6902 8724,TRUE,https://www.google.com/maps/search/?api=1&query=Barbeque%20Nation-%20Chromepet&query_place_id=ChIJ_Q6foItfUjoRCr1T1T9xr5o,16-07-2026 03:59
72,Ranchi,Barbeque Nation,"No 48, 3rd Floor, Max Building, Circular Rd, next to Pantaloons Store, Ajit Enclave, New Barhi Toli, Ranchi, Jharkhand 834001, India",834001,+91 80 6902 8767,TRUE,https://www.google.com/maps/search/?api=1&query=Barbeque%20Nation&query_place_id=ChIJ7SINfoHh9DkR9r_6v4zrIxc,16-07-2026 03:59
73,Jamshedpur,Barbeque Nation,"Contractors Area, Bistupur, Jamshedpur, Jharkhand 831001, India",831001,+91 80 6902 6706,TRUE,https://www.google.com/maps/search/?api=1&query=Barbeque%20Nation&query_place_id=ChIJm7fENXTj9TkRN41A-HCQEQM,16-07-2026 03:59
74,Ahmedabad,Ahmedabad - Prahladnagar,"1st Floor, Holiday Inn Express, Prahlad Nagar Rd, beside Venus Atlantis, Prahlad Nagar, Ahmedabad, Gujarat 380015, India",380015,+91 80 6902 8770,TRUE,https://www.google.com/maps/search/?api=1&query=Barbeque%20Nation%20-%20Ahmedabad%20-%20Prahladnagar&query_place_id=ChIJfc7qRCibXjkRbLy8ENeGRCA,16-07-2026 03:59
75,Ahmedabad,Ahmedabad - Nexus One,"3rd Floor, Nexus Ahmedabad One, Plot No. 216, Town Planning Rd, near Vastrapur Lake Road, Scheme 1, Vastrapur, Ahmedabad, Gujarat 380054, India",380054,+91 80 6902 8770,TRUE,https://www.google.com/maps/search/?api=1&query=Barbeque%20Nation%20-%20Ahmedabad%20-%20Nexus%20One&query_place_id=ChIJBXvefWSbXjkR_oTsmrJI4LM,16-07-2026 03:59
76,"Amritsar, Amritsar Cantt.",Barbeque Nation- Nexus Amritsar Mall,"2nd Floor, Nexus Mall, Unit Number -36, 37, Amritsar, Punjab 143006, India",143006,+91 80 6902 8702,TRUE,https://www.google.com/maps/search/?api=1&query=Barbeque%20Nation-%20Nexus%20Amritsar%20Mall&query_place_id=ChIJ9XG3DJl9GTkR_Z1B2N77cRk,16-07-2026 03:59
77,Nan,Pathankot,"2nd floor, Pathankot Downtown 44, Dadwal, NH 44, Punjab 145023, India",145023,+91 80 6902 8790,TRUE,https://www.google.com/maps/search/?api=1&query=Barbeque%20Nation%20-%20Pathankot&query_place_id=ChIJG4bs3J15HDkRtPnxdsqVfE4,16-07-2026 03:59
78,Udaipur,Barbeque Nation,"Opposite Devendra Dham, Pulla Bhuwana, Bhuwana, Udaipur, Rajasthan 313004, India",313004,+91 80 6902 8705,TRUE,https://www.google.com/maps/search/?api=1&query=Barbeque%20Nation&query_place_id=ChIJlUibjanlZzkRpzG-9TFSlRs,16-07-2026 03:59
79,Jaipur,Jaipur - Tonk Road,"Show Room 01&02, 2nd floor, Jaipur Center Compelx, Sector B,Ashram Marg,Bye Pass PWD Chowki 4, Tonk Rd, Durgapura, Jaipur, Rajasthan 302018, India",302018,+91 80 6902 8704,TRUE,https://www.google.com/maps/search/?api=1&query=Barbeque%20Nation%20-%20Jaipur%20-%20Tonk%20Road&query_place_id=ChIJgUXOK7a1bTkR_VCxaPbA35w,16-07-2026 03:59
80,Bharuch,Bharuch - City Center,"3rd Floor, City Center, Bus Station, Railway Station Rd, Moficer Jin Compound, Bharuch, Gujarat 392001, India",392001,+91 80 6902 6717,TRUE,https://www.google.com/maps/search/?api=1&query=Barbeque%20Nation%20-%20Bharuch%20-%20City%20Center&query_place_id=ChIJfYw9D34h4DsRqI5HQ1BvKjs,16-07-2026 03:59
81,Jalandhar,Jalandhar - Model Town,"387-L, Rainbow Rd, Prakash Nagar, Model Town, Jalandhar, Punjab 144001, India",144001,+91 80 6902 8756,TRUE,https://www.google.com/maps/search/?api=1&query=Barbeque%20Nation%20-%20Jalandhar%20-%20Model%20Town&query_place_id=ChIJcbg9R6tbGjkRZBDR_VtWPI8,16-07-2026 03:59
82,New Delhi,"Barbeque Nation- Southern Park Mall, Saket","GROUND FLOOR, SOUTHERN PARK MALL, UNIT NO-9, 10,11,12 & 14A, PLOT NO D-2, Saket, New Delhi, Delhi 110017, India",110017,+91 80 6902 8719,TRUE,https://www.google.com/maps/search/?api=1&query=Barbeque%20Nation-%20Southern%20Park%20Mall%2C%20Saket&query_place_id=ChIJMbz4tfThDDkRGX0zEgCaJNQ,16-07-2026 03:59
83,"New Delhi, Delhi",Barbeque Nation Rajouri Garden,"3rd Floor, A2/41, Block A, Rajouri Garden, New Delhi, Delhi, 110027, India",110027,+91 80 6902 8719,TRUE,https://www.google.com/maps/search/?api=1&query=Barbeque%20Nation%20Rajouri%20Garden&query_place_id=ChIJ4QwivsUDDTkRugm7OdDEnHY,16-07-2026 03:59
84,Dehradun,"GMS Road, Dehradun","8273+3HC Tri Junction, Kamla Palace, 2nd Floor, Solus Towers, GMS Rd, Engineers Enclave, Kanwali, Dehradun, Uttarakhand 248171, India",248171,+91 80 6902 8714,TRUE,https://www.google.com/maps/search/?api=1&query=Barbeque%20Nation%20-%20GMS%20Road%2C%20Dehradun&query_place_id=ChIJ0xEsj7krCTkRktv4pO4yd3U,16-07-2026 03:59
85,Nashik,Nashik - City Centre Mall,"2nd Floor, City Centre Mall Sambaji Chowk, Lawate Nagar Banyan Square, Untwadi Rd, Nashik, Maharashtra 422002, India",422002,+91 80 6902 8738,TRUE,https://www.google.com/maps/search/?api=1&query=Barbeque%20Nation%20-%20Nashik%20-%20City%20Centre%20Mall&query_place_id=ChIJHdvcknDr3TsR04tcpO-kdig,16-07-2026 03:59
86,Mumbai,Dadar,"2nd, Floor Kohinoor Square NC Kelkar Marg, Ram Ganesh Gadkari Chowk, Dadar West, Mumbai, Maharashtra 400028, India",400028,+91 80 6902 8718,TRUE,https://www.google.com/maps/search/?api=1&query=Barbeque%20Nation%20-%20Dadar&query_place_id=ChIJLSw41N3P5zsRNUJ_e-7PgKQ,16-07-2026 03:59
87,Surat,Surat - Parle Point,"1st Floor, Golden Square, Shaheed Veer Bhagat Singh Flyover Brg, near Sargam Shopping Center, Athwa, Surat, Gujarat 395007, India",395007,+91 80 6902 8771,TRUE,https://www.google.com/maps/search/?api=1&query=Barbeque%20Nation%20-%20Surat%20-%20Parle%20Point&query_place_id=ChIJAwSByulN4DsR3K6NO-C2SCo,16-07-2026 03:59
88,Chandigarh,Chandigarh - Sector 26,"Block 2, SCO 39, Madhya Marg, near Green Market Chowk, Sector 26, Chandigarh, 160019, India",160019,+91 80 6902 8726,TRUE,https://www.google.com/maps/search/?api=1&query=Barbeque%20Nation%20-%20Chandigarh%20-%20Sector%2026&query_place_id=ChIJedogrCHtDzkRBEx9LIGhVr4,16-07-2026 03:59
89,New Delhi,"South Extension, Delhi","D-6, 3rd Floor, above Hazoorilal Legacy Jewellers, Ring Rd, South Extension II, New Delhi, Delhi 110049, India",110049,+91 80 6902 8719,TRUE,https://www.google.com/maps/search/?api=1&query=Barbeque%20Nation%20-%20South%20Extension%2C%20Delhi&query_place_id=ChIJIXBLEC3jDDkRurLAi15E2wQ,16-07-2026 03:59
90,"Karnal, Uchana",Karnal,"1st Floor, Savoy greens, karnal penguin resorts 131 KM Milestone, G.T. Road, Lake, near Karnal, Karnal, Haryana 132116, India",132116,+91 80 6902 8793,TRUE,https://www.google.com/maps/search/?api=1&query=Barbeque%20Nation%20-%20Karnal&query_place_id=ChIJW2723XYbEDkRX3UUoe3ovis,16-07-2026 03:59
91,Noida,Barbeque Nation,"1st Floor, STELLAR IT PARK, Plot No 25, C Block, Phase 2, Industrial Area, Sector 62, Noida, Uttar Pradesh 201309, India",201309,+91 80 6902 8727,TRUE,https://www.google.com/maps/search/?api=1&query=Barbeque%20Nation&query_place_id=ChIJdWr8EhLlDDkR5BwkTu4TDXg,16-07-2026 03:59
92,"Greater Noida, Ghaziabad",Barbeque Nation,"5th Floor, Gaur City Mall, Greater Noida W Rd, Gaur City 1, Sector 4, Greater Noida, Ghaziabad, Uttar Pradesh 201318, India",201318,+91 80 6902 8727,TRUE,https://www.google.com/maps/search/?api=1&query=Barbeque%20Nation&query_place_id=ChIJE-l0UbrvDDkR_w2I1wt9fnc,16-07-2026 03:59
93,New Delhi,Barbeque Nation,"No N96, 2nd Floor, Munshi Lal Building, Connaught Place, New Delhi, Delhi 110001, India",110001,+91 80 6902 8719,TRUE,https://www.google.com/maps/search/?api=1&query=Barbeque%20Nation&query_place_id=ChIJy0njiDb9DDkR-9nuP9aWDc4,16-07-2026 03:59
94,"New Delhi, Delhi",Barbeque Nation,"601, 6th Floor, Unity One, MLCP Plot Rohini West Metro Stn Cplx, Rohini, Sector 10, New Delhi, Delhi 110085, India",110085,+91 80 6902 8719,TRUE,https://www.google.com/maps/search/?api=1&query=Barbeque%20Nation&query_place_id=ChIJsU0jC7UBDTkRNkemP9YevI8,16-07-2026 03:59
95,Gurugram,Barbeque Nation,"SN G85, Gr Flr, Spaze Platinum Tower Gurgaon Sohna Highway,Near Raheja Mall, Sohna - Gurgaon Rd, Malibu Towne, Sector 47, Gurugram, Haryana 122018, India",122018,+91 80 6902 8728,TRUE,https://www.google.com/maps/search/?api=1&query=Barbeque%20Nation&query_place_id=ChIJBx5-uJ0iDTkRAo7D8XrBGdA,16-07-2026 03:59
96,"New Delhi, Delhi","Pacific D21 Mall, Dwarka","Shop No, Pacific Mall, 2nd Floor, SH/2F/05 and SH/2F/08, Sector 21, Dwarka, New Delhi, Delhi 110077, India",110077,+91 80 6902 8719,TRUE,https://www.google.com/maps/search/?api=1&query=Barbeque%20Nation%20-%20Pacific%20D21%20Mall%2C%20Dwarka&query_place_id=ChIJ81VO7JEbDTkRFRWseAWl9QQ,16-07-2026 03:59
97,Dehradun,Barbeque Nation,"Chaudhary Plaza, Rajpur Rd, Hathibarkala, Hathibarkala Salwala, Dehradun, Uttarakhand 248001, India",248001,+91 80 6902 8714,TRUE,https://www.google.com/maps/search/?api=1&query=Barbeque%20Nation&query_place_id=ChIJ9VGYQdQpCTkRECfJYKfaTbA,16-07-2026 03:59
98,Delhi,Model Town,"2nd & 3rd Floor, B2, Gujranwala Town Part 1, Model Town, Delhi, 110033, India",110033,+91 80 6902 8719,TRUE,https://www.google.com/maps/search/?api=1&query=Barbeque%20Nation%20-%20Model%20Town&query_place_id=ChIJezmM2NYDDTkRa2I0dNquuwA,16-07-2026 03:59
99,Meerut,Meerut - Panchsheel Colony,"3rd Floor, Khasra No 5832, Pinnacle Tower, Garh Rd, Panchsheel Colony, Meerut, Uttar Pradesh 250001, India",250001,+91 80 6902 8711,TRUE,https://www.google.com/maps/search/?api=1&query=Barbeque%20Nation%20-%20Meerut%20-%20Panchsheel%20Colony&query_place_id=ChIJx0L2Xb9kDDkRxhAS3pwRGWk,16-07-2026 03:59
100,"Hyderabad, Secunderabad",Kompally,"GFPQ+HQ3, Ruby Block, Kompally, Hyderabad, Secunderabad, Telangana 500014, India",500014,+91 80 6405 8003,TRUE,https://www.google.com/maps/search/?api=1&query=Barbeque%20Nation%20-%20Kompally&query_place_id=ChIJp3rL1MWFyzsRRMEyhZl3SEo,16-07-2026 03:59
101,Hyderabad,Attapur,"4th Floor, Happy Home Fortuna, Hh Fortune, PV Narasimha Rao Expy, opp. Pillar No 175, Attapur, Khayyam Nagar, Rajendranagar mandal, Hyderabad, Telangana 500048, India",500048,+91 80 6405 8003,TRUE,https://www.google.com/maps/search/?api=1&query=Barbeque%20Nation%20-%20Attapur&query_place_id=ChIJncXNAhiXyzsRumni7kMunW0,16-07-2026 03:59
102,Hyderabad,Hyderabad - Kondapur,"G, Sri Mytri Square, 3, Gachibowli - Miyapur Rd, near Laxmi Cyber City, opposite Sarath City Mall, Kondapur, Laxmi Cyber City, Whitefields, Gachibowli, Hyderabad, Telangana 500084, India",500084,+91 80 6405 8003,TRUE,https://www.google.com/maps/search/?api=1&query=Barbeque%20Nation%20-%20Hyderabad%20-%20Kondapur&query_place_id=ChIJ0VfBfkuTyzsRSMtiRe7sep8,16-07-2026 03:59
103,Hyderabad,Barbeque Nation,"Alcazar Mall, 498, Road No. 36, Venkatagiri, Jubilee Hills, Hyderabad, Telangana 500033, India",500033,+91 80 6405 8003,TRUE,https://www.google.com/maps/search/?api=1&query=Barbeque%20Nation&query_place_id=ChIJa7nEjkiRyzsRZDxlC0A6IKY,16-07-2026 03:59
104,Hyderabad,"Barbeque Nation- Uppal, Hyderabad","4th floor, DSL Virtue Mall, near Rajiv Gandhi International Cricket Stadium, Industrial Development Area, Uppal, Hyderabad, Telangana 500039, India",500039,+91 80 6405 8003,TRUE,https://www.google.com/maps/search/?api=1&query=Barbeque%20Nation-%20Uppal%2C%20Hyderabad&query_place_id=ChIJNSur_WGZyzsRYIxoILXxcy0,16-07-2026 03:59
105,Kolkata,Kolkata - Lake Mall,"4th Floor, Lake Mall, Shop No 410,104, Rash Behari Ave, Kalighat, Kolkata, West Bengal 700029, India",700029,+91 80 6902 8723,TRUE,https://www.google.com/maps/search/?api=1&query=Barbeque%20Nation%20-%20Kolkata%20-%20Lake%20Mall&query_place_id=ChIJWUuyYuR3AjoRj78Bsvp_9P4,16-07-2026 03:59
106,Howrah,Howrah Maidan,"1 No, Platina Mall, 5th Floor, Nityadhan Mukherjee Rd, opposite Howrah Maidan Metro Station, Howrah, West Bengal 711101, India",711101,+91 80 6902 8723,TRUE,https://www.google.com/maps/search/?api=1&query=Barbeque%20Nation%20-%20Howrah%20Maidan&query_place_id=ChIJ5_j8r8B3AjoRDxzzCSwdZGI,16-07-2026 03:59
107,Kolkata,Barbeque Nation,"4th Floor, Diamond City Mall, DIAMOND PLAZA, 68, Jessore Rd, Ward Number 23, Satgachi, Kolkata, West Bengal 700055, India",700055,+91 80 6902 8723,TRUE,https://www.google.com/maps/search/?api=1&query=Barbeque%20Nation&query_place_id=ChIJVVXBoh2e-DkRKEenw1n---I,16-07-2026 03:59
108,Asansol,Asansol - Sentrum Mall,"4th Floor, Sentrum Mall, Shristi Nagar Road, Kanyapur, Asansol, West Bengal 713305, India",713305,+91 80 6902 8794,TRUE,https://www.google.com/maps/search/?api=1&query=Barbeque%20Nation%20-%20Asansol%20-%20Sentrum%20Mall&query_place_id=ChIJrdAJ3F4f9zkRkIM0vrHrrlM,16-07-2026 03:59
109,"Saraidhella, Dhanbad","Alokik’s Emporio Mall, Saraidhella","2nd floor, Alokik's Emporio, Saraidhela Rd, near Sunit Petrol Pump, Kusum Vihar, Murli Nagar, Saraidhella, Dhanbad, Jharkhand 826007, India",826007,+91 80 6902 6706,TRUE,https://www.google.com/maps/search/?api=1&query=Barbeque%20Nation%20-%20Alokik%E2%80%99s%20Emporio%20Mall%2C%20Saraidhella&query_place_id=ChIJ__-dX_m99jkR9sjG3gPXJPA,16-07-2026 03:59
110,"Kalyani, Kolkata","Kalyani, Kolkata","3rd floor, B - 9/10 (ca) of Block B, P.S, Kalyani, Kolkata, West Bengal 741235, India",741235,+91 80 6902 8723,TRUE,https://www.google.com/maps/search/?api=1&query=Barbeque%20Nation%20-%20Kalyani%2C%20Kolkata&query_place_id=ChIJD1D-1hJ3AjoRE9MDbF2MNKs,16-07-2026 03:59
111,Kolkata,Barbeque Nation,"8 & 4, Formerly, Lindsay St, Esplanade, Dharmatala, Taltala, Kolkata, West Bengal 700087, India",700087,+91 80 6902 6709,TRUE,https://www.google.com/maps/search/?api=1&query=Barbeque%20Nation&query_place_id=ChIJSZVi8q53AjoRkCXde4TByp0,16-07-2026 03:59
112,"Dakshin Jadupur, Uttar Jadupur",Malda,"4th Floor, PRM Centre Point, Jadupur Rd, Ghon Tola, Dakshin Jadupur, Uttar Jadupur, West Bengal 732103, India",732103,+91 80 6902 8722,TRUE,https://www.google.com/maps/search/?api=1&query=Barbeque%20Nation%20-%20Malda&query_place_id=ChIJ5THGVG__-jkRD6ofH1vFYmc,16-07-2026 03:59
113,Kolkata,Barbeque Nation,"LINDA SAY STREET, No-20A,1st floor Humayan court,Nellie sengupta sarani, Formerly, Lindsay St, opp. Sreeleathers, Kolkata, West Bengal 700087, India",700087,+91 80 6902 8721,TRUE,https://www.google.com/maps/search/?api=1&query=Barbeque%20Nation&query_place_id=ChIJ2Rg07Ah3AjoR8dFaCWZBvuQ,16-07-2026 03:59
114,New Delhi,Barbeque Nation,"Plot No 11, Pocket 7, Pyramid Local Shopping Complex, near Delhi Public School, Sec C, Vasant Kunj, New Delhi, Delhi 110070, India",110070,+91 80 6902 8719,TRUE,https://www.google.com/maps/search/?api=1&query=Barbeque%20Nation&query_place_id=ChIJ-W6xp9UdDTkRCi0FB8rW5KU,16-07-2026 03:59
115,"New Delhi, Delhi",Barbeque Nation,"SHOP NO. R, 5th Floor, Vegas Mall, 05, Pocket 1, Sector 14 Dwarka, New Delhi, Delhi 110078, India",110078,+91 80 6902 8719,TRUE,https://www.google.com/maps/search/?api=1&query=Barbeque%20Nation&query_place_id=ChIJq5euqyIbDTkRdJJZuIvoUk4,16-07-2026 03:59
116,Agra,Agra - Ashok Cosmos Mall,"3rd, Sanjay Place, Civil Lines, Agra, Uttar Pradesh 282002, India",282002,+91 80 6902 8757,TRUE,https://www.google.com/maps/search/?api=1&query=Barbeque%20Nation%20-%20Agra%20-%20Ashok%20Cosmos%20Mall&query_place_id=ChIJO7MEJBt3dDkRXPdZD57vt7s,16-07-2026 03:59
117,"Noida, Shahpur Govardhanpur Bangar",Barbeque Nation,"Fl 2, Jaypee Green, Plot No. C1-D1, Sector 133, Noida, Shahpur Govardhanpur Bangar, Uttar Pradesh 201304, India",201304,+91 80 6902 8727,TRUE,https://www.google.com/maps/search/?api=1&query=Barbeque%20Nation&query_place_id=ChIJxcYrQLjnDDkR7rn-K4A86qE,16-07-2026 03:59
118,"New Delhi, Delhi",Barbeque Nation,"2nd Floor, Unity One, Najafgarh Rd, Narang Colony, Chander Nagar, Janakpuri, New Delhi, Delhi, 110058, India",110058,+91 80 6902 8719,TRUE,https://www.google.com/maps/search/?api=1&query=Barbeque%20Nation&query_place_id=ChIJq6qqqq8EDTkRyAJbLbc4Q58,16-07-2026 03:59
119,Gurugram,Ambience Mall - Gurgaon,"R401, 4th Flr, Gate No 4, Ambience Mall, DLF Phase 3, Sector 24, Gurugram, Haryana 122010, India",122010,+91 80 6902 8728,TRUE,https://www.google.com/maps/search/?api=1&query=Barbeque%20Nation%20-%20Ambience%20Mall%20-%20Gurgaon&query_place_id=ChIJmX2AiE4ZDTkRcTPFcLo6RIA,16-07-2026 03:59
120,Noida,Barbeque Nation,"Gr Flr, Hotel Savoy Suites, A79A, Captain Vijyant Thapar Marg, Sector 16, Noida, Uttar Pradesh 201301, India",201301,+91 80 6902 8727,TRUE,https://www.google.com/maps/search/?api=1&query=Barbeque%20Nation&query_place_id=ChIJy3fL91vkDDkRE82DgeVeJBo,16-07-2026 03:59
121,New Delhi,"Delhi Connaught Place, Regal Building","1st Floor, Regal Building, Palika Bazar, Connaught Place, New Delhi, Delhi 110001, India",110001,+91 80 6902 8719,TRUE,https://www.google.com/maps/search/?api=1&query=Barbeque%20Nation%20-%20Delhi%20Connaught%20Place%2C%20Regal%20Building&query_place_id=ChIJV86eqPr9DDkRIyjiODcNXBM,16-07-2026 03:59
122,Delhi,Laxmi Nagar,"1st Floor B-20,21, 126/10, Gurunanak Pura, opp. V3S Mall, Laxmi Nagar, Delhi, 110092, India",110092,+91 80 6902 8719,TRUE,https://www.google.com/maps/search/?api=1&query=Barbeque%20Nation%20-%20Laxmi%20Nagar&query_place_id=ChIJH3VOGeX9DDkRMi8B5TLj7XY,16-07-2026 03:59
123,Jammu,Jammu,"1st Floor, RV Square, Lane No. 11 , R V SEVEN SQUARE, opposite New Choice Resort Club, Greater Kailash, Jammu, Jammu and Kashmir 180011",180011,+91 80 6902 8752,TRUE,https://www.google.com/maps/search/?api=1&query=Barbeque%20Nation%20-%20Jammu&query_place_id=ChIJ0-n03kaDHjkRyjF62W0mKsU,16-07-2026 03:59
124,Patiala,Patiala - Urban Estate,"3rd floor SCO 37 & 38, NH 64, Rajpura Rd, Urban Estate Phase II, Urban Estate, Patiala, Punjab 147002, India",147002,+91 80 6902 8701,TRUE,https://www.google.com/maps/search/?api=1&query=Barbeque%20Nation%20-%20Patiala%20-%20Urban%20Estate&query_place_id=ChIJFaXqjBUoEDkRSh-GGEC7viU,16-07-2026 03:59
125,Gurugram,M3M IFC,"2nd Floor, M3M International Financial Center, Badshahpur, Sector 66, Gurugram, Haryana 122101, India",122101,+91 80 6902 8728,TRUE,https://www.google.com/maps/search/?api=1&query=Barbeque%20Nation%20-%20M3M%20IFC&query_place_id=ChIJQRRa5OwjDTkRGxAAyAgTB3Y,16-07-2026 03:59
126,Sahibzada Ajit Singh Nagar,"CP67 Mall , Mohali","3rd floor, CP67 Mall, International Airport Road, Sector 67, Sahibzada Ajit Singh Nagar, Punjab 160062, India",160062,+91 80 6902 8715,TRUE,https://www.google.com/maps/search/?api=1&query=Barbeque%20Nation%20-%20CP67%20Mall%20%2C%20Mohali&query_place_id=ChIJYy_AnNjrDzkRW0R3LWgpE68,16-07-2026 03:59
127,Ghaziabad,Barbeque Nation Kaushambi,"East Delhi Mall, Plot no.1, 2nd floor, Kaushambi, Ghaziabad, Uttar Pradesh 201010, India",201010,+91 80 6902 8719,TRUE,https://www.google.com/maps/search/?api=1&query=Barbeque%20Nation%20Kaushambi&query_place_id=ChIJZ2V_JlT7DDkR5fqS9GhJl5I,16-07-2026 03:59
128,Gurugram,SS Omnia,"1st Floor, Ss Omnia, Badha, Sector 86, Gurugram, Haryana 122012, India",122012,+91 80 6902 8728,TRUE,https://www.google.com/maps/search/?api=1&query=Barbeque%20Nation%20-%20SS%20Omnia&query_place_id=ChIJT3vKm109DTkRc__6y7HLF3Y,16-07-2026 03:59
129,Ghaziabad,Barbeque Nation,"Gaur Central Mall, 5th Floor, opposite HDFC Bank, RDC, Block 1, P & T Colony, Raj Nagar, Ghaziabad, Uttar Pradesh 201002, India",201002,+91 80 6902 8781,TRUE,https://www.google.com/maps/search/?api=1&query=Barbeque%20Nation&query_place_id=ChIJQ8_H57vxDDkRC-Urkw88wz4,16-07-2026 03:59
130,"Noida, Greater Noida",Barbeque Nation,"4, 2nd Floor, Omaxe, CP Mall Rd, near CNG Filling Station, Block H, Beta II, Noida, Greater Noida, Uttar Pradesh 201310, India",201310,+91 80 6902 8727,TRUE,https://www.google.com/maps/search/?api=1&query=Barbeque%20Nation&query_place_id=ChIJFT1JgIrqDDkRAffk6X2jmIk,16-07-2026 03:59
131,Lucknow,"Alambagh, Phoenix United Mall","Plot No, Phoenix Mall Unit No. T- 15 & 15 A 3rd Floor, CP-08, Sector B Rd, LDA Colony, Lucknow, Uttar Pradesh 226012, India",226012,+91 80 6902 8749,TRUE,https://www.google.com/maps/search/?api=1&query=Barbeque%20Nation%20-%20Alambagh%2C%20Phoenix%20United%20Mall&query_place_id=ChIJ-0CH6nT_mzkRq2BQ6uD4vQI,16-07-2026 03:59
132,Amravati,Barbeque Nation Amravati,"Tapadia City Centre 4th floor Gopal Nagar Square, Badnera Rd, Amravati, Maharashtra 444607, India",444607,+91 80 6902 8718,TRUE,https://www.google.com/maps/search/?api=1&query=Barbeque%20Nation%20Amravati&query_place_id=ChIJCYEOFcyl1jsRgai3ay9bGHU,16-07-2026 03:59
133,Hyderabad,Hyderabad - Kukatpally,"B Phase 6, Nexus Mall, Restaurant No.2, Sy.no.1009, Kukatpally Housing Board Colony, Hyderabad, Telangana 500072, India",500072,+91 80 6405 8003,TRUE,https://www.google.com/maps/search/?api=1&query=Barbeque%20Nation%20-%20Hyderabad%20-%20Kukatpally&query_place_id=ChIJHTN2JImRyzsR7PY5wu0fuVw,16-07-2026 03:59
134,Hyderabad,Kothapet,"Vaishnavi Onyx-1, Unit No.G-3, 8 & 9/1/1/15, Kothapet Rd, Kiran Nagar, Doctors Colony, L. B. Nagar, Telangana 500035, India",500035,+91 80 6405 8003,TRUE,https://www.google.com/maps/search/?api=1&query=Barbeque%20Nation%20-%20Kothapet&query_place_id=ChIJ4SS6j-CZyzsRJSltqhlhh2Y,16-07-2026 03:59
135,"Manikonda, Hyderabad","Phoenix Centaurus, Gachibowli","Ground Floor, Centarus By Phoenix, 203(P, Rajendra Nagar, Gachibowli, Manikonda, Hyderabad, Telangana 500032, India",500032,+91 80 6902 8720,TRUE,https://www.google.com/maps/search/?api=1&query=Barbeque%20Nation%20-%20Phoenix%20Centaurus%2C%20Gachibowli&query_place_id=ChIJ7Zqp2oOTyzsRlbQ3sd9vXCc,16-07-2026 03:59
136,Hyderabad,Abids,"City plaza building, 3rd Floor, opposite to St. George's Grammar School, Abids, Hyderabad, Telangana 500001, India",500001,+91 80 6405 8003,TRUE,https://www.google.com/maps/search/?api=1&query=Barbeque%20Nation%20-%20Abids&query_place_id=ChIJMaiCX7-XyzsREyrYKz6-Mho,16-07-2026 03:59
137,Pune,Sinhagad,"2nd Floor, Grand Horizon Mall, Sinhgad Rd, Manik Baug, Anand Nagar, Pune, Maharashtra 411051, India",411051,+91 80 6902 8725,TRUE,https://www.google.com/maps/search/?api=1&query=Barbeque%20Nation%20-%20Sinhagad&query_place_id=ChIJNTDzhYOVwjsRb1PHKVhmz7c,16-07-2026 03:59
138,Pune,Kalyani Nagar - Pune,"HV3X+2W2, Palace View Road, Near Aga Khan Palace, Pune Nagar Rd, near Barbeque Nation, Kalyani Nagar, Pune, Maharashtra 411006, India",411006,+91 80 6902 8725,TRUE,https://www.google.com/maps/search/?api=1&query=Barbeque%20Nation%20-%20Kalyani%20Nagar%20-%20Pune&query_place_id=ChIJdb-swxnBwjsROTq_vlbOEx8,16-07-2026 03:59
139,Pune,Pune - Deccan,"Ground Floor, Deccan Mall, Bus Stop, R, Jangali Maharaj Rd, opposite Deccan Gymkhana, Deccan Gymkhana, Pune, Maharashtra 411004, India",411004,+91 80 6902 8725,TRUE,https://www.google.com/maps/search/?api=1&query=Barbeque%20Nation%20-%20Pune%20-%20Deccan&query_place_id=ChIJgxQS-3fAwjsRje6eRKPGAaM,16-07-2026 03:59
140,Pune,Pune - NIBM,"R floor, NIBM Rd, Clover Hills, Plaza, Pune, Maharashtra 411048, India",411048,+91 80 6902 8725,TRUE,https://www.google.com/maps/search/?api=1&query=Barbeque%20Nation%20-%20Pune%20-%20NIBM&query_place_id=ChIJPUsqQQbrwjsRT8PdI4WxnYU,16-07-2026 03:59
141,Pune,Pune - Amanora,"Unit No. 28 & 29, Ground Floor, East Block, Amanora Mall Amanora Town Centre, Kharadi - Hadapsar Bypass Rd, Hadapsar, Pune, Maharashtra 411028, India",411028,+91 80 6902 8725,TRUE,https://www.google.com/maps/search/?api=1&query=Barbeque%20Nation%20-%20Pune%20-%20Amanora&query_place_id=ChIJWWrjqCDCwjsRDNwKS-_xVMw,16-07-2026 03:59
142,"Pune, Pimpri-Chinchwad",Pune - Wakad,"135-136, 10th Floor, Sayaji Hotel, Mumbai-Bangalore, Bypass Highway, Shankar Kalat Nagar, Wakad, Pune, Maharashtra 411057, India",411057,+91 80 6405 8002,TRUE,https://www.google.com/maps/search/?api=1&query=Barbeque%20Nation%20-%20Pune%20-%20Wakad&query_place_id=ChIJdbNR7WS5wjsRUdR0TnhojN0,16-07-2026 03:59
143,Pimpri-Chinchwad,Chinchwad - Pune,"3rd Floor, Above Food Court, Elpro City Square Mall Chapekar Chowk Flyover, MG Rd, Chinchwad Gaon, Chinchwad, Pimpri-Chinchwad, Maharashtra 411033, India",411033,+91 80 6902 8725,TRUE,https://www.google.com/maps/search/?api=1&query=Barbeque%20Nation%20-%20Chinchwad%20-%20Pune&query_place_id=ChIJlQxDSBLI5zsRbosa-Dl-lLM,16-07-2026 03:59
144,Pimpri-Chinchwad,Wakad- Phoenix Mall,"4th Floor S, Landmark - Phoenix the Mall of millenniums, 132/23, Hinjewadi - Wakad Rd, Shankar Kalat Nagar, Wakad, Pimpri-Chinchwad, Maharashtra 411057, India",411057,+91 80 6902 6718,TRUE,https://www.google.com/maps/search/?api=1&query=Barbeque%20Nation%20-%20Wakad-%20Phoenix%20Mall&query_place_id=ChIJjxcMKWu5wjsRfrvmKpqhVwY,16-07-2026 03:59
145,"Mumbai, Panvel",Mumbai - Panvel,"3rd Floor, Orion Mall, Bus Depot, FP No 311, Mumbai - Pune Expy, Forest Colony, Panvel, Mumbai, Panvel, Maharashtra 410206, India",410206,+91 80 6405 8002,TRUE,https://www.google.com/maps/search/?api=1&query=Barbeque%20Nation%20-%20Mumbai%20-%20Panvel&query_place_id=ChIJC1bb5kHo5zsRBGIhT1V4Fm8,16-07-2026 03:59
146,"Mumbai, Kalyan",Barbeque Nation,"Besides Inox Cinemas, Metro Junction Mall, Kalyan East, Mumbai, Kalyan, Maharashtra 421306, India",421306,+91 80 6405 8002,TRUE,https://www.google.com/maps/search/?api=1&query=Barbeque%20Nation&query_place_id=ChIJNxHuVs-V5zsRNP07hNFbbYY,16-07-2026 03:59
147,Chhatrapati Sambhajinagar,Aurangabad - Prozone Mall,"1st, Food Court, Prozone Mall, API Rd, MIDC Industrial Area, Chilkalthana, Chhatrapati Sambhajinagar, Maharashtra 431006, India",431006,+91 80 6902 8736,TRUE,https://www.google.com/maps/search/?api=1&query=Barbeque%20Nation%20-%20Aurangabad%20-%20Prozone%20Mall&query_place_id=ChIJD1N5jnij2zsRgz2InVbPAFc,16-07-2026 03:59
148,Navi Mumbai,Mumbai - Belapur,"G 006, Plot No. 65, Ground Floor, Sharda Terraces, Sector 11, CBD Belapur, Navi Mumbai, Maharashtra 400614, India",400614,+91 80 6405 8002,TRUE,https://www.google.com/maps/search/?api=1&query=Barbeque%20Nation%20-%20Mumbai%20-%20Belapur&query_place_id=ChIJ25O3oqzD5zsR8MCLxAuyGwY,16-07-2026 03:59
149,"Dombivli, Mumbai","Xperia Mall, Dombivli","3rd Floor Lodha Xperia Mall, Kalyan - Shilphata Rd Palava, Dombivli, Mumbai, Maharashtra 421204, India",421204,+91 80 6405 8002,TRUE,https://www.google.com/maps/search/?api=1&query=Barbeque%20Nation%20-%20Xperia%20Mall%2C%20Dombivli&query_place_id=ChIJXVGT4V6_5zsRt0mAd0Z4JRA,16-07-2026 03:59
150,Navi Mumbai,Navi Mumbai - Nerul,"First Floor, Plot # 20, Beverley Park, Sector 6, Palm Beach Rd, above HDFC Bank, Nerul, Navi Mumbai, Maharashtra 400706, India",400706,+91 80 6405 8002,TRUE,https://www.google.com/maps/search/?api=1&query=Barbeque%20Nation%20-%20Navi%20Mumbai%20-%20Nerul&query_place_id=ChIJUftNROTD5zsROU7jeFo2N60,16-07-2026 03:59
151,Kolhapur,Barbeque Nation,"9th Floor, Sayaji Hotel, 2104/15, E Ward, Old Pune-Bangalore Hwy, Kawala Naka, Kolhapur, Maharashtra 416005, India",416005,+91 91300 62161,TRUE,https://www.google.com/maps/search/?api=1&query=Barbeque%20Nation&query_place_id=ChIJE0kT_kYAwTsR4Jqa1vWh8IY,16-07-2026 03:59
152,Hubballi,Hubballi,"2nd floor, Venkatagiri Plaza, Gokul Rd, opp. Oasis Mall, Basaveshvar Nagar, Hubballi, Karnataka 580030, India",580030,+91 80 6902 8782,TRUE,https://www.google.com/maps/search/?api=1&query=Barbeque%20Nation%20-%20Hubballi&query_place_id=ChIJLeHfzyDXuDsR3se64ZoBdL4,16-07-2026 03:59
153,Mumbai,Mumbai - Worli,"4th Floor, Atria-The Millennium Mall, Dr Annie Besant Rd, Lotus Colony, Worli, Mumbai, Maharashtra 400018, India",400018,+91 80 6405 8002,TRUE,https://www.google.com/maps/search/?api=1&query=Barbeque%20Nation%20-%20Mumbai%20-%20Worli&query_place_id=ChIJf1dhQIbO5zsR2Dk8FzQZyek,16-07-2026 03:59
154,Mumbai,Barbeque Nation Mumbai Kurla,"Unit S - 49 , 50, Lal Bahadur Shastri Marg, Kurla West, Kurla, Mumbai, Maharashtra 400070, India",400070,+91 80 6405 8002,TRUE,https://www.google.com/maps/search/?api=1&query=Barbeque%20Nation%20Mumbai%20Kurla&query_place_id=ChIJE81GBI3I5zsR_WbE_9mCe4o,16-07-2026 03:59
155,Mumbai,BKC Trade Center,"Ground Floor, Trade Centre Bkc, 309, Kolivery Village, MMRDA Area, Kalina, Bandra East, Mumbai, Maharashtra 400098, India",400098,+91 80 6405 8002,TRUE,https://www.google.com/maps/search/?api=1&query=Barbeque%20Nation%20-%20BKC%20Trade%20Center&query_place_id=ChIJ36H6wH_J5zsRvRXnivhPlUM,16-07-2026 03:59
156,Mumbai,"Mumbai - Times Square, Sakinaka","Times Square, 3, Ground Tower A Time Square Building Andheri - Kurla Road Sakinaka, Marol, Andheri East, Mumbai, Maharashtra 400044, India",400044,+91 80 6405 8002,TRUE,https://www.google.com/maps/search/?api=1&query=Barbeque%20Nation%20-%20Mumbai%20-%20Times%20Square%2C%20Sakinaka&query_place_id=ChIJufAK2mzI5zsR0gOEoEPuI4U,16-07-2026 03:59
157,Navi Mumbai,"Mindspace Fusion, Airoli","MINDSPACE AIROLI EAST, Mind Space Fusion FNB, 9 & 10, Airoli Knowledge Park Rd, MIDC, Navi Mumbai, Maharashtra 400708, India",400708,+91 80 6405 8002,TRUE,https://www.google.com/maps/search/?api=1&query=Barbeque%20Nation%20-%20Mindspace%20Fusion%2C%20Airoli&query_place_id=ChIJYcE4Tum55zsR8L_1JvRWvJY,16-07-2026 03:59
158,"Mumbai, Thane",Mumbai - Ghodbunder Road,"4th Floor, Rosa Vista Maharashtra State Highway 42 opposite suraj Water Park Kavesar, Thane West Thane, Ghodbunder Rd, Mumbai, Maharashtra 400615, India",400615,+91 80 6405 8002,TRUE,https://www.google.com/maps/search/?api=1&query=Barbeque%20Nation%20-%20Mumbai%20-%20Ghodbunder%20Road&query_place_id=ChIJlaFtIZW75zsRuiYYCaRchdA,16-07-2026 03:59
159,"Miyapur, Hyderabad",Hyderabad - Miyapur,"part, 4th floor, Gsm Mall, survey no.99 part A & 100, opp. to My Home Jewels Apartments, Madinaguda, Miyapur, Hyderabad, Telangana 500049, India",500049,+91 80 6405 8003,TRUE,https://www.google.com/maps/search/?api=1&query=Barbeque%20Nation%20-%20Hyderabad%20-%20Miyapur&query_place_id=ChIJfTXgAFKTyzsR69kDPPdfQoQ,16-07-2026 03:59
160,Hyderabad,Barbeque Nation,"in Plot No.2, in Phase 1 of Hyberabad, C9MJ+WXX Shop No.4 & 6, part of Unit 2B, No.83/1, Knowledge City Rd, Hyderabad, Telangana 500032, India",500032,+91 80 6405 8003,TRUE,https://www.google.com/maps/search/?api=1&query=Barbeque%20Nation&query_place_id=ChIJxc5yBACTyzsR61Ldj_HoqW4,16-07-2026 03:59
161,Hyderabad,Dumsafar Biryani by Banjara Hill,"3 5, 1st Floor, ANR Centre, Road No.1 Plot No.6, 249, Road No. 1, Banjara Hills, Hyderabad, Telangana 500034, India",500034,+91 70241 73288,TRUE,https://www.google.com/maps/search/?api=1&query=Dumsafar%20Biryani%20by%20Barbeque%20Nation%20-%20Banjara%20Hill&query_place_id=ChIJB0LoCuKXyzsRhVPueJY5JVo,16-07-2026 03:59
162,Secunderabad,Hyderabad - AS Rao Nagar,"3rd Floor, RD Mall, Plot No A3, next to Poulami Hospital, Lakshmipuram Colony, Rukmani Colony, Dr. A. S. Rao Nagar, Secunderabad, Telangana 500062, India",500062,+91 80 6405 8003,TRUE,https://www.google.com/maps/search/?api=1&query=Barbeque%20Nation%20-%20Hyderabad%20-%20AS%20Rao%20Nagar&query_place_id=ChIJYd1G9pWbyzsRpNpnXQ3793o,16-07-2026 03:59
163,Kadapa,Kadapa,"3rd Floor RSR Square Mall, Sandhya Circle, 1/700, Railway Station Rd, Dwaraka Nagar, Yerramukkapalli, Andhra Pradesh 516001, India",516001,+91 80 6263 9001,TRUE,https://www.google.com/maps/search/?api=1&query=Barbeque%20Nation%20-%20Kadapa&query_place_id=ChIJZdjp9ClzszsRlpWUebyU0Qw,16-07-2026 03:59
164,Hyderabad,Dumsafar Biryani by Barbeque Nation- ABIDS,"3Rd Floor, City Plaza Building, opposite St. George Grammar School, Chirag Ali Lane, Abids, Hyderabad, Telangana 500001, India",500001,+91 70241 73288,TRUE,https://www.google.com/maps/search/?api=1&query=Dumsafar%20Biryani%20by%20Barbeque%20Nation-%20ABIDS&query_place_id=ChIJJ2tL8LmZyzsRfjZbTUAPYdI,16-07-2026 03:59
165,Thane,Barbeque Nation,"2nd Floor, Korum Mall, Mangal Pandey Road Near Cadbury Compound, Eastern Express Hwy, Samata Nagar, Thane West, Thane, Maharashtra 400606, India",400606,+91 80 6405 8002,TRUE,https://www.google.com/maps/search/?api=1&query=Barbeque%20Nation&query_place_id=ChIJoQV1aBq55zsRNP51HJE9S0s,16-07-2026 03:59
166,Mumbai,Barbeque Nation Fun Republic,"6th Floor Fun Republic Mall, New Link Rd, Andheri West, Mumbai, Maharashtra 400053, India",400053,+91 80 6902 8718,TRUE,https://www.google.com/maps/search/?api=1&query=Barbeque%20Nation%20Fun%20Republic&query_place_id=ChIJ27LB6fO35zsRLwxkS57dmEw,16-07-2026 03:59
167,Mumbai,Malad,"2nd floor, Inorbit Mall, 21/A, New Link Rd, Malad, Malad West, Mumbai, Maharashtra 400064, India",400064,+91 80 6405 8002,TRUE,https://www.google.com/maps/search/?api=1&query=Barbeque%20Nation%20-%20Malad&query_place_id=ChIJAx1b8O235zsRaTFzQ2Al-Dk,16-07-2026 03:59
168,"Mumbai, Vasai-Virar",Mumbai - Virar,"3rd Floor, Yashwant Square Building, By Pass Road, above Big Bazaar Village Dongre, Y K Nagar, Virar West, Mumbai, Vasai-Virar, Maharashtra 401303, India",401303,+91 80 6405 8002,TRUE,https://www.google.com/maps/search/?api=1&query=Barbeque%20Nation%20-%20Mumbai%20-%20Virar&query_place_id=ChIJ0wtNa4qp5zsRNpiQVHESCrA,16-07-2026 03:59
169,Mumbai,Barbeque Nation,"Unit No 1 &2, Ground Floor, C Wing Naka Metro Station, Time Square, Sakinaka, near Marol, Sag Baug, Andheri East, Maharashtra 400093, India",400093,+91 80 6902 8721,TRUE,https://www.google.com/maps/search/?api=1&query=Barbeque%20Nation&query_place_id=ChIJ____Pz3I5zsR71RaNnRLXEQ,16-07-2026 03:59
170,Mumbai,"Barbeque Nation- Vile Parle East, Mumbai","2nd Floor, Trinity Square, Shyam Kamal Rd, Agarwal Market, Vile Parle East, Vile Parle, Mumbai, Maharashtra 400057, India",400057,+91 80 6405 8002,TRUE,https://www.google.com/maps/search/?api=1&query=Barbeque%20Nation-%20Vile%20Parle%20East%2C%20Mumbai&query_place_id=ChIJVzxsgFvJ5zsRFgkHhiyafrw,16-07-2026 03:59
171,Sahibzada Ajit Singh Nagar,Mohali - Sector 59,"SC0 5&6, Mohali Stadium Rd, Phase 5, Sector 59, Sahibzada Ajit Singh Nagar, Punjab 160059, India",160059,+91 80 6902 8715,TRUE,https://www.google.com/maps/search/?api=1&query=Barbeque%20Nation%20-%20Mohali%20-%20Sector%2059&query_place_id=ChIJU_7sJmfuDzkRYyNCOTDuwQ4,16-07-2026 03:59
172,"Mohkam Pur Khurd, Dehradun",Mall Of Dehradun,"3rd Floor, Mall Of Dehradun, Rishikesh Road, IIP, Mohkampur, Mohkam Pur Khurd, Dehradun, Uttarakhand 248005, India",248005,+91 80 6902 8714,TRUE,https://www.google.com/maps/search/?api=1&query=Barbeque%20Nation%20-%20Mall%20Of%20Dehradun&query_place_id=ChIJb0SxqVcpCTkR2iD1mOyjMTU,16-07-2026 03:59
173,"Khanpur, Kharar","Nirwana Square One, Kharar","SCO 1-4,First Floor, Nirwana Square One, Block- A , Kharar - Kurali Road, 3, Khanpur, Kharar, Punjab 140301, India",140301,+91 80 6902 8715,TRUE,https://www.google.com/maps/search/?api=1&query=Barbeque%20Nation%20-%20Nirwana%20Square%20One%2C%20Kharar&query_place_id=ChIJpz9OUon7DzkRDoEZkVInXb4,16-07-2026 03:59
174,Vellore,Vellore,"1st Floor, Door No 16/1, Officers Line, Anna Salai, next to Reliance Trends, Bishop David Nagar, Kosapet, Vellore, Tamil Nadu 632001, India",632001,+91 80 6902 8748,TRUE,https://www.google.com/maps/search/?api=1&query=Barbeque%20Nation%20-%20Vellore&query_place_id=ChIJfTOuhN04rTsRFHGJOnBGXQA,16-07-2026 03:59
175,Tirupati,Barbeque Nation,"4th floor, Dr. Agarwals Eye Hospital, 19-4-8/14, Air Bypass Rd, near Passport office, Kennedy Nagar, STV Nagar, Tirupati, Andhra Pradesh 517501, India",517501,+91 80 6902 8741,TRUE,https://www.google.com/maps/search/?api=1&query=Barbeque%20Nation&query_place_id=ChIJ6zqdhfVLTToRYLCuyAuAWzw,16-07-2026 03:59
176,Bengaluru,Lulu Global Mall,"Lower Ground Floor, Lulu Global Mall, No 19/2, Unit No LGF 02, 03 & 04, Gopalapura, Rajajinagar, Bengaluru, Karnataka 560023, India",560023,+91 80 6405 8001,TRUE,https://www.google.com/maps/search/?api=1&query=Barbeque%20Nation%20-%20Lulu%20Global%20Mall&query_place_id=ChIJ3QGUJHIXrjsRNesn2_KGLzc,16-07-2026 03:59
177,Bengaluru,"Garuda Mall, Magrath Road","4th floor, 56, Garuda mall, Commissariat Rd, Ashok Nagar, Bengaluru, Karnataka 560025, India",560025,+91 80 6405 8001,TRUE,https://www.google.com/maps/search/?api=1&query=Barbeque%20Nation%20-%20Garuda%20Mall%2C%20Magrath%20Road&query_place_id=ChIJZ6irvSYVrjsRxp5IyfGEhvY,16-07-2026 03:59
178,Bengaluru,Kanakpura Road,"3rd floor, #5 & 6, Doddakallasandra Village, Kanakapura Main Rd, Uttarahalli Hobli, Bengaluru, Karnataka 560062, India",560062,+91 80 6405 8001,TRUE,https://www.google.com/maps/search/?api=1&query=Barbeque%20Nation%20-%20Kanakpura%20Road&query_place_id=ChIJu-CoRKs_rjsRE-6uOfXfcOI,16-07-2026 03:59
179,"Chennai, Greater Chennai",Barbeque Nation- Nungambakkam,"No 5 & 3, 2nd Floor, Bergamo Mall, Khader Nawaz Khan Rd, Nungambakkam, Chennai, Tamil Nadu 600006, India",600006,+91 80 6902 8724,TRUE,https://www.google.com/maps/search/?api=1&query=Barbeque%20Nation-%20Nungambakkam&query_place_id=ChIJW_BsWmpmUjoRC9cGfUyljmU,16-07-2026 03:59
180,Bengaluru,Barbeque Nation- Whitefield,"1F, 01, Whitefield Main Rd, Pattandur Agrahara, Whitefield, Bengaluru, Karnataka 560066, India",560066,+91 80 6405 8001,TRUE,https://www.google.com/maps/search/?api=1&query=Barbeque%20Nation-%20Whitefield&query_place_id=ChIJB5Jt4-QRrjsRA8qETMLQX0Q,16-07-2026 03:59
181,Bengaluru,UBQ By Barbeque Nation,"1, 8th Main Rd, Rajiv Gandhi Nagar, 7th Sector, Bommanahalli, Bengaluru, Karnataka 560068, India",560068,N/A,TRUE,https://www.google.com/maps/search/?api=1&query=UBQ%20By%20Barbeque%20Nation&query_place_id=ChIJh3NlKuUVrjsRKDVJGhSz9U4,16-07-2026 03:59
182,Ernakulam,Kochi,"6th Floor Imperiaal Trade Center, Mahatma Gandhi Rd, Kacheripady, Ernakulam, Kerala 682035, India",682035,+91 80 6902 8706,TRUE,https://www.google.com/maps/search/?api=1&query=Barbeque%20Nation%20-%20Kochi&query_place_id=ChIJneH9IVANCDsRNJFSaCMFduA,16-07-2026 03:59
183,Vadodara,Vadodara - Cine Mall,"3rd Floor Cinemall, Near Natubhai Circle, Race Course Rd, Vadodara, Gujarat 390007, India",390007,+91 80 6902 8721,TRUE,https://www.google.com/maps/search/?api=1&query=Barbeque%20Nation%20-%20Vadodara%20-%20Cine%20Mall&query_place_id=ChIJKUhqf73IXzkRox7AgorhYFI,16-07-2026 03:59
184,Rajkot,Rajkot - Crystal Mall,"Crystal Mall Rajkot, 3rd Floor, Kalavad Rd, Opp. Rani Tower, Rajkot, Gujarat 360005, India",360005,+91 80 6902 8773,TRUE,https://www.google.com/maps/search/?api=1&query=Barbeque%20Nation%20-%20Rajkot%20-%20Crystal%20Mall&query_place_id=ChIJOcFNQMvLWTkRKPPyxpEms6s,16-07-2026 03:59
185,Ahmedabad,Ahmedabad - Nikol,"First Floor, Hill town plaza, Shop No, 109, 110, 111, 112, 113, 114, Sardar Patel Ring Rd, Nikol, Ahmedabad, Gujarat 380049, India",380049,+91 80 6902 8770,TRUE,https://www.google.com/maps/search/?api=1&query=Barbeque%20Nation%20-%20Ahmedabad%20-%20Nikol&query_place_id=ChIJAysBFhKHXjkRIEQhSgKId1Y,16-07-2026 03:59
186,Ahmedabad,Ahmedabad - Satya One,"SATYA ONE, 1st Floor, Drive In Rd, opp. Manav Mandir, Memnagar, Ahmedabad, Gujarat 380052, India",380052,+91 80 6902 8721,TRUE,https://www.google.com/maps/search/?api=1&query=Barbeque%20Nation%20-%20Ahmedabad%20-%20Satya%20One&query_place_id=ChIJ-41T_X2FXjkRNdpI9fEp-XY,16-07-2026 03:59
187,Madhuravada,Visakhapatnam - Madhuruwada,"3rd Floor, Arena Building, 100 Feet Rd, adjacent to Mango Hero Showroom, Midhilapuri Vuda Colony, Madhurawada, Madhuravada, Andhra Pradesh 530041, India",530041,+91 80 6902 8744,TRUE,https://www.google.com/maps/search/?api=1&query=Barbeque%20Nation%20-%20Visakhapatnam%20-%20Madhuruwada&query_place_id=ChIJPa7aabVbOToRRmNsMXq7Iw8,16-07-2026 03:59
188,Indore,Indore - Treasure Island Mall,"TI Mall, 3rd, 11, Mahatma Gandhi Rd, South Tukoganj, Indore, Madhya Pradesh 452001, India",452001,+91 80 6902 8754,TRUE,https://www.google.com/maps/search/?api=1&query=Barbeque%20Nation%20-%20Indore%20-%20Treasure%20Island%20Mall&query_place_id=ChIJk2FRchL9YjkRhSeLXrCucPQ,16-07-2026 03:59
189,Ludhiana,Ferozpur Road - Ludhiana,"2nd Floor, Dhanraj Sing Complex Gate No. 1 Ferozpur Road, Gate Number 1 Rd, near Punjab Agricultural University, Ludhiana, Punjab 141001, India",141001,+91 80 6902 8755,TRUE,https://www.google.com/maps/search/?api=1&query=Barbeque%20Nation%20-%20Ferozpur%20Road%20-%20Ludhiana&query_place_id=ChIJWZ2DztCDGjkRo0p4e21mMng,16-07-2026 03:59
190,Ghaziabad,Ghaziabad-Eros Market Place,"UNIT NO 01, UPPER GROUND FLOOR, EROS MARKET PLACE, PLOT NO 2, opposite DPS, Niti Khand 3, Shakti Khand 2, Indirapuram, Ghaziabad, Uttar Pradesh 201010, India",201010,+91 80 6902 8734,TRUE,https://www.google.com/maps/search/?api=1&query=Barbeque%20Nation%20-%20Ghaziabad-Eros%20Market%20Place&query_place_id=ChIJDaoM9HX7DDkRbPtMrefkhXM,16-07-2026 03:59
191,Jalandhar,Barbeque nation,"8HGG+CF3, Near Jyothi Chowk, Civil Line, Jalandhar, Punjab 144001, India",144001,N/A,TRUE,https://www.google.com/maps/search/?api=1&query=Barbeque%20nation&query_place_id=ChIJjVzccABbGjkRwC80G67TVDQ,16-07-2026 03:59
192,Bhopal,Bhopal - Virasha,"STC, 3rd Floor Virasha, Bawadiya Kalan, Gulmohar Colony, Bhopal, Madhya Pradesh 462039, India",462039,+91 80 6902 8753,TRUE,https://www.google.com/maps/search/?api=1&query=Barbeque%20Nation%20-%20Bhopal%20-%20Virasha&query_place_id=ChIJCe7WfMxDfDkRKF98Ep1tIV8,16-07-2026 03:59
193,Kota,Ahluwalia's The Great mall - Kota,"Alhuwalita the great Mall of Kota "" DMC, Road Unit no, S-5 S-6, S-7, S-8 2nd Floor, Rajasthan 324007, India",324007,+91 80 6902 8759,TRUE,https://www.google.com/maps/search/?api=1&query=Barbeque%20Nation%20-%20Ahluwalia's%20The%20Great%20mall%20-%20Kota&query_place_id=ChIJRSvhUjKFbzkRayLnV_VNAJM,16-07-2026 03:59
194,Jabalpur,Jagat Mall,"3rd Floor, Jagat Mall, Gorakhpur Rd, Jabalpur, Madhya Pradesh 482001, India",482001,+91 80 6902 8712,TRUE,https://www.google.com/maps/search/?api=1&query=Barbeque%20Nation%20-%20Jagat%20Mall&query_place_id=ChIJL3a2pDKtgTkRwhNxltcZ2_E,16-07-2026 03:59
195,"Gurugram, Sarhol","MGF Metropolitan Mall, Gurugram","GROUND FLOOR, MGF Metropolitan Mall, Shop No GF FC 06, 07, 07A, 08, 09 & 10, Mehrauli-Gurgaon Rd, Sector 25, Gurugram, Haryana 122009, India",122009,+91 92173 46776,TRUE,https://www.google.com/maps/search/?api=1&query=Barbeque%20Nation%20-%20MGF%20Metropolitan%20Mall%2C%20Gurugram&query_place_id=ChIJKwdDJ_0ZDTkRRtlCVfGvokE,16-07-2026 03:59
196,"Visakhapatnam, Gajuwaka","Barbeque Nation – Celest Mall ,Gajuwaka","S,no 104/2, unit no:FF:01@ FF:02, celest Mall,1st floor, NH5, opposite SBT Hotel, Visakhapatnam, Andhra Pradesh 530026, India",530026,+91 80 6902 8720,TRUE,https://www.google.com/maps/search/?api=1&query=Barbeque%20Nation%20%E2%80%93%20Celest%20Mall%20%2CGajuwaka&query_place_id=ChIJL_Srm0gVPDoR1RdATqonQEE,16-07-2026 03:59
197,Ramanayyapeta,Kakinada - SRMT Mall,"Unit No. 2, 4th Floor Door No. 4-21,SRMT Mall & Multiplex, Pithapuram - Kakinada Rd, Ramanayapeta, Ramanayyapeta, Andhra Pradesh 533005, India",533005,+91 80 6902 8742,TRUE,https://www.google.com/maps/search/?api=1&query=Barbeque%20Nation%20-%20Kakinada%20-%20SRMT%20Mall&query_place_id=ChIJw4uuTdkpODoRnr7HvUAszUk,16-07-2026 03:59
198,Vijayawada,Ubq By Barbeque Nation,"3, MG Rd, Chandra Mouli Puram, Sriram Nagar, Labbipet, Vijayawada, Andhra Pradesh 520010, India",520010,+91 80 6902 8721,TRUE,https://www.google.com/maps/search/?api=1&query=Ubq%20By%20Barbeque%20Nation&query_place_id=ChIJkYNrPK_6NToRMV1L2bS2RSk,16-07-2026 03:59
199,"Pune, Pimpri-Chinchwad",Barbeque Nation Pimpri,"City One Mall, Above Central Mall, 2nd Floor Survey No-31/32, CS No- 5860, Morewadi, Pimpri Colony, Pune, Maharashtra 411018, India",411018,+91 80 6902 8725,TRUE,https://www.google.com/maps/search/?api=1&query=Barbeque%20Nation%20Pimpri&query_place_id=ChIJ79Idnk64wjsRh4zVvsmuexU,16-07-2026 03:59
200,Kanpur,Barbeque Nation,"16 113, Mahatma Gandhi Rd, Shiwala, Downtown, Kanpur, Uttar Pradesh 208001, India",208001,+91 80 6902 8708,TRUE,https://www.google.com/maps/search/?api=1&query=Barbeque%20Nation&query_place_id=ChIJWUPXT6Y4nDkRJnXavNedSas,16-07-2026 03:59
201,"New Delhi, Delhi",UBQ By Barbeque Nation Janakpuri,"Shop No B32/1, Community Center b, B1 Market, Pocket B 1, Super Bazar, Janakpuri, New Delhi, Delhi, 110058, India",110058,+91 80 6902 8719,TRUE,https://www.google.com/maps/search/?api=1&query=UBQ%20By%20Barbeque%20Nation%20Janakpuri&query_place_id=ChIJN55Su3gFDTkRNXPHLo6NT0I,16-07-2026 03:59
202,Kolkata,Garia,"3rd Floor, Rashmin building, 92, Raja Subodh Chandra Mallick Rd, near Padmashree cinema hall, Ramgarh, Garia, Kolkata, West Bengal 700084, India",700084,+91 80 6902 8723,TRUE,https://www.google.com/maps/search/?api=1&query=Barbeque%20Nation%20-%20Garia&query_place_id=ChIJJ2suDYNxAjoRhQOuoXXwYA0,16-07-2026 03:59
203,Kolkata,Fiesta By Hatibagan,"3rd Floor, Ideal Unique Residency, 162, Grey St, Khanna, Shyam Bazar, Kolkata, West Bengal 700006, India",700006,+91 80 6902 6709,TRUE,https://www.google.com/maps/search/?api=1&query=Fiesta%20By%20Barbeque%20Nation%20-%20Hatibagan&query_place_id=ChIJd4-BBwB3AjoRMRWypXMlVG4,16-07-2026 03:59
204,Mumbai,Barbeque Nation,"403, Ground Floor, Om Palace, BR, Dr Ambedkar Rd, Pali Hill, Mumbai, Maharashtra 400052, India",400052,N/A,TRUE,https://www.google.com/maps/search/?api=1&query=Barbeque%20Nation&query_place_id=ChIJmY0FgRLJ5zsRovoqKkRwxv8,16-07-2026 03:59
205,Bengaluru,"RR Nagar, Global Divinity Mall","GLOBAL MALLS, 3RD FLOOR, MYSORE ROAD, PANTHARAPALYA, MYSORE ROAD, NAYANDA HALLI, KENGERI, B.B, HOBLI, M.P West, Rajarajeshwari Nagar, Bengaluru, Karnataka 560039, India",560039,+91 80 6902 8722,TRUE,https://www.google.com/maps/search/?api=1&query=Barbeque%20Nation%20-%20RR%20Nagar%2C%20Global%20Divinity%20Mall&query_place_id=ChIJazQIZ7mtrzsR6P6rvcYS69U,16-07-2026 03:59
206,Bengaluru,"Brigade Twin Towers, Yeshwantpur","Unit no-106 Kisok-02, 1st floor, Brigade twin tower, Yeshwanthpur Industrial Area, Phase 1, Yeswanthpur, Bengaluru, Karnataka 560022, India",560022,+91 80 6405 8001,TRUE,https://www.google.com/maps/search/?api=1&query=Barbeque%20Nation%20-%20Brigade%20Twin%20Towers%2C%20Yeshwantpur&query_place_id=ChIJGXNqPCg9rjsRhinoy6hXEjs,16-07-2026 03:59
207,Mumbai,Bandra,"Ground Floor, 355, Hotel Metro Palace, Hill Rd, opposite Marks and Spencer, Bandra West, Mumbai, Maharashtra 400050, India",400050,+91 80 6902 8718,TRUE,https://www.google.com/maps/search/?api=1&query=Barbeque%20Nation%20-%20Bandra&query_place_id=ChIJmaVf3D3J5zsRunDxXYOoqnM,16-07-2026 03:59
208,"Katamnallur, Bengaluru","Hoskote, Orion Uptown","2nd Floor, Old Madras Rd, Sannatammanahalli, Katamnallur, Bengaluru, Karnataka 560049, India",560049,+91 80 6405 8001,TRUE,https://www.google.com/maps/search/?api=1&query=Barbeque%20Nation%20-%20Hoskote%2C%20Orion%20Uptown&query_place_id=ChIJkxInrowRrjsRaeM3U2kuVvQ,16-07-2026 03:59
209,Mumbai,Mumbai - Kandivali,"Unit No. T01, 3rd Floor, Growels mall, Akurli Rd, Kandivali East, Mumbai, Maharashtra 400101, India",400101,+91 80 6902 8718,TRUE,https://www.google.com/maps/search/?api=1&query=Barbeque%20Nation%20-%20Mumbai%20-%20Kandivali&query_place_id=ChIJHVLf-MC35zsRx0hkXGv9myg,16-07-2026 03:59
210,"Egattur, Chennai",Barbeque Nation- Marina Mall,"3rd floor, Marina Mall, 13/1A, Old Mahabalipuram Road, Egattur, Chennai, Tamil Nadu 600130, India",600130,+91 80 6902 8724,TRUE,https://www.google.com/maps/search/?api=1&query=Barbeque%20Nation-%20Marina%20Mall&query_place_id=ChIJ_7BHmcZbUjoReu86baMPVFE,16-07-2026 03:59
211,"Chennai, Greater Chennai",Barbeque Nation,"3rd Floor, Barbeque, Nation Hospitality Ltd., Ampa, Skywalk Mall, 1, Nelson Manickam Rd, Aminjikarai, Chennai, Greater Chennai, Tamil Nadu 600030, India",600030,+91 80 6902 8724,TRUE,https://www.google.com/maps/search/?api=1&query=Barbeque%20Nation&query_place_id=ChIJESO6zRlnUjoR117pG2zoihA,16-07-2026 03:59
212,Bengaluru,Barbeque Nation- Nexus Whitefield Mall,"Nexus Whitefield 62, Whitefield Main Rd, Prestige Ozone, Whitefield, Bengaluru, Karnataka 560066, India",560066,+91 80 6405 8001,TRUE,https://www.google.com/maps/search/?api=1&query=Barbeque%20Nation-%20Nexus%20Whitefield%20Mall&query_place_id=ChIJTduybEsTrjsRI7bscLUZx5o,16-07-2026 03:59
213,Hebbagodi,"M5 Mall, Electronic City Phase 2","Second floor, M5 Ecity Mall, Hosur Rd, Veerasandra Industrial Area, BTM Phase 1, Phase II, Electronic City, Hebbagodi, Karnataka 560100, India",560100,+91 80 6405 8001,TRUE,https://www.google.com/maps/search/?api=1&query=Barbeque%20Nation%20-%20M5%20Mall%2C%20Electronic%20City%20Phase%202&query_place_id=ChIJd3hIDSttrjsRzlYK59IhpnU,16-07-2026 03:59
214,Bengaluru,Fiesta by Vega City,"4th Floor, WJ52+3FJ Vega City Mall Road, Bannerghatta Rd, Dollar Layout, BTM Layout 2nd Stage, BTM Layout, Bengaluru, Karnataka 560076, India",560076,+91 80 6902 6727,TRUE,https://www.google.com/maps/search/?api=1&query=Fiesta%20by%20Barbeque%20Nation%20-%20Vega%20City&query_place_id=ChIJqYVH2s4VrjsRwnVWd8GHd9E,16-07-2026 03:59
215,Ahmedabad,Barbeque Nation New Staff Room,"A17-18, Gopal Nagar, Memnagar, Ahmedabad, Gujarat 380052, India",380052,+91 80 6902 8721,TRUE,https://www.google.com/maps/search/?api=1&query=Barbeque%20Nation%20New%20Staff%20Room&query_place_id=ChIJr74LtMyFXjkRbBEEXy1E6Rc,16-07-2026 03:59
216,Navi Mumbai,Mumbai - Vashi,"4th Floor, Center One Mall, Sector 30A, Vashi, Navi Mumbai, Maharashtra 400703, India",400703,+91 80 3520 2222,TRUE,https://www.google.com/maps/search/?api=1&query=Barbeque%20Nation%20-%20Mumbai%20-%20Vashi&query_place_id=ChIJKRkgF-PB5zsRu_oFKCqZFbY,16-07-2026 03:59
217,Navi Mumbai,Barbeque Nation,"429H+828, MIDC Industrial Area, Mahape, Navi Mumbai, Maharashtra 400710, India",400710,+91 80 6902 8721,TRUE,https://www.google.com/maps/search/?api=1&query=Barbeque%20Nation&query_place_id=ChIJjWf0GXPB5zsRDkFUhRnqdP8,16-07-2026 03:59
218,Mumbai,Mumbai - Mulund (W),"3rd Floor, R Mall, Lal Bahadur Shastri Marg, opposite to Richardson and Cruddas, Kamgar Colony, Mulund West, Mumbai, Maharashtra 400604, India",400604,+91 80 6902 8718,TRUE,https://www.google.com/maps/search/?api=1&query=Barbeque%20Nation%20-%20Mumbai%20-%20Mulund%20(W)&query_place_id=ChIJgxWxAf645zsRpMmbCZU61qs,16-07-2026 03:59
219,Jaipur,Jaipur - MI Road,"1ST Floor E-2 Khandelwal Mansion, Mirza Ismail Rd, Panch Batti, Jaipur, Rajasthan 302001, India",302001,+91 80 6902 8704,TRUE,https://www.google.com/maps/search/?api=1&query=Barbeque%20Nation%20-%20Jaipur%20-%20MI%20Road&query_place_id=ChIJw9P4TKq2bTkRrtC3feA0SrE,16-07-2026 03:59
220,Gajuwaka,Barbeque Nation,"10-7-110/1, 3rd floor SBT Khadar Basha Towers, Main Rd, Gajuwaka, Andhra Pradesh 530026, India",530026,+91 80 6902 8734,TRUE,https://www.google.com/maps/search/?api=1&query=Barbeque%20Nation&query_place_id=ChIJr0YrFWBpOToRmz9gli0EIFM,16-07-2026 03:59
221,Gorakhpur,Gorakhpur - City Mall,"3rd Floor, No, City Mall, 10, Akshaibar Singh Marg, Civil Lines, Gorakhpur, Uttar Pradesh 273001, India",273001,+91 80 6902 8712,TRUE,https://www.google.com/maps/search/?api=1&query=Barbeque%20Nation%20-%20Gorakhpur%20-%20City%20Mall&query_place_id=ChIJ3zECbkpFkTkRk2FpM_UA9XU,16-07-2026 03:59
222,"Kk Nagar, Madurai",Madurai - Milan'em Mall,"3rd Floor, Milan'em Mall, 100 Feet Rd, Managiri, KK Nagar, Madurai, Tamil Nadu 625020, India",625020,+91 80 6902 8763,TRUE,https://www.google.com/maps/search/?api=1&query=Barbeque%20Nation%20-%20Madurai%20-%20Milan'em%20Mall&query_place_id=ChIJR_LjW7rFADsREtuUIiS18qA,16-07-2026 03:59
223,Ludhiana,Ludhiana Mall Road,"Plot Number 105, 3rd Floor Boulevard Mall, The Mall Rd, Rakh Bagh, Civil Lines, Ludhiana, Punjab 141001, India",141001,+91 80 6902 8755,TRUE,https://www.google.com/maps/search/?api=1&query=Barbeque%20Nation%20-%20Ludhiana%20Mall%20Road&query_place_id=ChIJh-k7JO6DGjkRzM3ircXH8-M,16-07-2026 03:59
224,Mangaluru,Fiza Mall,"3RD FLOOR, FIZA NEXUS MALL, ATTAVAR VILLAGE, CANTONMENT WARD, PANDESHWAR ROAD, MANGALORE, Mangalore Mahanagara Palike, Mangaluru, Karnataka 575001, India",575001,+91 80 6902 8761,TRUE,https://www.google.com/maps/search/?api=1&query=Barbeque%20Nation%20-%20Fiza%20Mall&query_place_id=ChIJcYQShZ5bozsRELHokjvqTOg,16-07-2026 03:59
225,Dhanbad,Barbeque Nation,"RF64+R46, NH 18, Lohar Kulli, Dhanbad, Jharkhand 826007, India",826007,N/A,TRUE,https://www.google.com/maps/search/?api=1&query=Barbeque%20Nation&query_place_id=ChIJRTsTTwC99jkRDwCc_LCYPTc,16-07-2026 03:59
226,Faridabad,Barbeque Nation,"2nd Floor, Crown Interiorz Mall DLF Ind Area, Sarai Khawaja Rd, Sector 35, Faridabad, Haryana 121003, India",121003,+91 80 6902 8734,TRUE,https://www.google.com/maps/search/?api=1&query=Barbeque%20Nation&query_place_id=ChIJ0UU9Az3nDDkRbYmOXuOlGW4,16-07-2026 03:59
227,"Faridabad, Sector 20B","Faridabad, Pacific mall","2nd Floor, Pacific Mall, Mathura Rd, Krishna Nagar, New Industrial Township, Faridabad, Sector 20B, Haryana 121007, India",121007,+91 80 6902 8734,TRUE,https://www.google.com/maps/search/?api=1&query=Barbeque%20Nation%20-%20Faridabad%2C%20Pacific%20mall&query_place_id=ChIJObtWf5bdDDkRO_nccjDZETY,16-07-2026 03:59
228,Faridabad,Faridabad- Mansha Vega Street,"2ND FLOOR, MANSHA VEGA STREET, SCO-01, Bhataula Village, Sector 82, Faridabad, Haryana 121002, India",121002,+91 80 6902 8734,TRUE,https://www.google.com/maps/search/?api=1&query=Barbeque%20Nation%20-%20Faridabad-%20Mansha%20Vega%20Street&query_place_id=ChIJC9K6NZvdDDkRG_Kjs57eYXY,16-07-2026 03:59
229,Faridabad,Barbeque Nation,"2nd Floor, Eros Ef3 Mall, Metro Station, opposite Old, Sector 20A, Faridabad, Haryana 121002, India",121002,+91 80 6902 8734,TRUE,https://www.google.com/maps/search/?api=1&query=Barbeque%20Nation&query_place_id=ChIJN61X5bXdDDkRZFVLewrH-xU,16-07-2026 03:59
230,Amritsar,Barbeque Nation,"SGK Tower, Plot no. 77, Mall Rd, near Income Tax Office, Green Avenue, Amritsar, Punjab 143001, India",143001,+91 80 6902 8702,TRUE,https://www.google.com/maps/search/?api=1&query=Barbeque%20Nation&query_place_id=ChIJ33DzZqRkGTkR3yca6-fGD5s,16-07-2026 03:59
231,Mysuru,Mysuru - BM Habitat Mall,"GROUND FLOOR, BM Habitat Mall, Mangalore - Mysore Hwy, 3rd Block, Jayalakshmipuram, Mysuru, Karnataka 570012, India",570012,+91 80 6902 8721,TRUE,https://www.google.com/maps/search/?api=1&query=Barbeque%20Nation%20-%20Mysuru%20-%20BM%20Habitat%20Mall&query_place_id=ChIJrQbM-5J6rzsRtaMQjALd5MI,16-07-2026 03:59
232,Tiruppur,Barbeque Nation,"39Q7+4C2, opposite to Vimal Pumps, Pudur Privu, Tiruppur, Tamil Nadu 641604, India",641604,N/A,TRUE,https://www.google.com/maps/search/?api=1&query=Barbeque%20Nation&query_place_id=ChIJT2RiFgAHqTsRvRbPywuxpSw,16-07-2026 03:59
233,Bareilly,Bareilly - Civil Lines,"3rd Floor, No 35, Civil Lines, 1/3, NH-24, above Tanishq Showroon, Rampur Garden, Bareilly, Uttar Pradesh 243001, India",243001,+91 80 6902 8713,TRUE,https://www.google.com/maps/search/?api=1&query=Barbeque%20Nation%20-%20Bareilly%20-%20Civil%20Lines&query_place_id=ChIJJ4D6dtYAoDkRVtGcNrHTda8,16-07-2026 03:59
234,"New Delhi, Delhi",Barbeque Nation,"No 101 & 102, Aggarwal Corporate Heights, Plot No A7, Netaji Subhash Place, Shakurpur, New Delhi, Delhi, 110034, India",110034,+91 80 6902 8719,TRUE,https://www.google.com/maps/search/?api=1&query=Barbeque%20Nation&query_place_id=ChIJKwNrXTMCDTkRcAuJJrEup1I,16-07-2026 03:59
235,Cuttack,Cuttack - Dargha Bazaar,"Upper Ground Floor, Netaji Subhas Chandra Bose Arcade – Old Jail complex, Dargah Bazaar, Cuttack, Odisha 753001, India",753001,+91 80 6902 8731,TRUE,https://www.google.com/maps/search/?api=1&query=Barbeque%20Nation%20-%20Cuttack%20-%20Dargha%20Bazaar&query_place_id=ChIJa-lduugNGToRlKlwpr1UfDQ,16-07-2026 03:59
236,Panipat,Panipat - Mitall's Mega Mall,"Shop No. S-12A to S-17A 2nd Floor Mittal's Mega Mall, Sector 25, Panipat, Haryana 132104, India",132104,+91 80 3520 2222,TRUE,https://www.google.com/maps/search/?api=1&query=Barbeque%20Nation%20-%20Panipat%20-%20Mitall's%20Mega%20Mall&query_place_id=ChIJfTxTH4bbDTkRnXk7-npXnJU,16-07-2026 03:59
237,Gurugram,Barbeque Nation,"M3M IFC, Badshahpur, Sector 66, Gurugram, Haryana 122101, India",122101,+91 92892 35111,TRUE,https://www.google.com/maps/search/?api=1&query=Barbeque%20Nation&query_place_id=ChIJGSKlXAAjDTkRqU9TtSBerVQ,16-07-2026 03:59
238,Patna,Barbeque Nation,"Shiv Mandir, 5th Floor, Durga Infinity, Khajpura, Baily Road, Pilar No-27, beside Khajpura, Patna, Bihar 800014, India",800014,+91 80 6902 8730,TRUE,https://www.google.com/maps/search/?api=1&query=Barbeque%20Nation&query_place_id=ChIJLQTnRyBX7TkRWhH8AdH99k8,16-07-2026 03:59
239,Bengaluru,Barbeque Nation,"1st floor, 118, 80 Feet Rd, below Bodyworks Spa, KHB Colony, 7th Block, Koramangala, Bengaluru, Karnataka 560095, India",560095,+91 80 6902 8722,TRUE,https://www.google.com/maps/search/?api=1&query=Barbeque%20Nation&query_place_id=ChIJF4wVjt8VrjsRvHPiqvRz8OU,16-07-2026 03:59
240,Udaipur,Barbeque Nation,"3rd Floor, The Celebration Mall, NH-8, Madhuban, Udaipur, Rajasthan 313004, India",313004,+91 80 6902 8721,TRUE,https://www.google.com/maps/search/?api=1&query=Barbeque%20Nation&query_place_id=ChIJAQAAkHPlZzkRgHSi40zysrk,16-07-2026 03:59
